index,ot1,nb1,cb1,ep1,wc1,ot2,nb2,cb2,ep2,wc2,ot3,nb3,cb3,ep3,wc3,ot4,nb4,cb4,ep4,wc4,ot5,nb5,cb5,ep5,wc5
004921.jpg,1,1,1,1,1,1,1,1,1,1,1,1,0,1,0,1,1,1,1,1,-,-,-,-,-
004922.jpg,0,0,0,0,0,0,1,1,1,1,0,1,0,0,0,0,1,2,1,1,-,-,-,-,-
004923.jpg,0,1,0,1,1,0,0,0,0,0,0,1,1,1,1,0,9,2,2,2,-,-,-,-,-
004924.jpg,0,0,0,1,0,0,0,0,1,0,0,0,0,0,0,0,0,0,0,0,-,-,-,-,-
004925.jpg,1,1,1,1,1,2,2,2,1,1,2,2,1,2,2,2,2,2,2,1,-,-,-,-,-
004926.jpg,0,1,0,1,0,0,1,1,1,0,0,2,1,2,1,0,2,9,2,1,-,-,-,-,-
004927.jpg,0,0,0,1,0,0,1,1,1,0,0,2,1,2,1,1,2,2,2,1,-,-,-,-,-
004928.jpg,0,0,0,0,0,0,1,1,0,1,0,1,0,0,0,0,1,1,1,1,-,-,-,-,-
004929.jpg,0,1,1,2,0,0,1,1,0,0,0,1,1,2,0,0,0,0,1,0,-,-,-,-,-
004930.jpg,1,1,0,1,0,1,1,1,1,1,1,1,0,1,0,1,2,1,2,1,-,-,-,-,-
004931.jpg,0,0,0,0,0,0,0,0,0,0,0,2,1,0,0,0,1,2,0,0,-,-,-,-,-
004932.jpg,0,1,0,1,1,0,0,0,0,0,1,1,1,1,1,1,1,1,2,2,-,-,-,-,-
004933.jpg,0,0,0,1,0,0,0,0,0,0,0,1,1,1,0,0,1,1,1,0,-,-,-,-,-
004934.jpg,0,0,0,1,0,0,0,0,1,0,0,1,0,0,0,0,2,1,1,0,-,-,-,-,-
004935.jpg,0,0,0,0,0,0,0,0,0,0,0,0,0,0,0,0,0,0,0,0,-,-,-,-,-
004936.jpg,0,0,0,0,0,0,0,0,0,0,0,1,0,0,0,0,1,1,0,0,-,-,-,-,-
004937.jpg,0,0,0,0,0,0,0,0,0,0,0,1,1,0,0,0,1,1,1,0,-,-,-,-,-
004938.jpg,0,1,0,1,0,0,0,0,0,0,0,1,0,0,0,0,0,0,0,0,-,-,-,-,-
004939.jpg,0,0,0,0,0,0,0,0,0,0,0,0,1,0,0,0,0,0,0,0,-,-,-,-,-
004940.jpg,1,1,1,1,1,1,2,2,1,1,2,2,2,1,1,1,1,1,2,1,-,-,-,-,-
004941.jpg,0,0,0,0,0,0,0,0,0,0,0,1,1,0,0,0,9,9,0,0,-,-,-,-,-
004942.jpg,1,1,0,0,0,1,1,1,1,1,1,2,1,1,1,1,2,1,2,1,-,-,-,-,-
004943.jpg,0,0,0,0,0,0,0,0,0,0,0,1,0,0,0,0,1,2,2,2,-,-,-,-,-
004944.jpg,0,0,0,0,0,0,1,1,1,1,0,0,0,0,0,0,0,0,9,0,-,-,-,-,-
004945.jpg,2,1,0,2,2,1,1,1,1,1,1,1,1,1,2,1,2,9,2,2,-,-,-,-,-
004946.jpg,0,0,0,0,0,0,0,0,0,0,0,1,0,0,0,0,0,0,0,0,-,-,-,-,-
004947.jpg,0,1,0,0,0,0,0,0,0,0,0,0,1,0,0,1,1,1,1,1,-,-,-,-,-
004948.jpg,0,0,0,0,0,0,0,0,0,0,0,0,1,0,0,0,0,0,0,0,-,-,-,-,-
004949.jpg,1,1,1,1,1,1,1,1,2,2,2,2,1,1,2,1,2,1,2,1,-,-,-,-,-
004950.jpg,0,0,0,0,0,0,0,0,0,0,0,1,0,0,0,0,0,0,0,0,-,-,-,-,-
004951.jpg,0,1,0,1,0,0,0,0,0,0,0,0,0,0,0,0,0,0,0,0,-,-,-,-,-
004952.jpg,1,1,0,1,1,1,0,0,1,2,1,2,1,0,1,1,2,1,2,2,-,-,-,-,-
004953.jpg,0,1,0,1,0,0,1,1,0,0,0,1,0,0,0,0,1,0,0,0,-,-,-,-,-
004954.jpg,0,0,0,1,0,0,0,0,0,0,1,1,1,0,0,0,9,9,0,0,-,-,-,-,-
004955.jpg,0,1,1,1,0,1,1,1,1,1,1,2,1,1,0,0,1,1,1,0,-,-,-,-,-
004956.jpg,0,1,0,0,0,0,0,0,0,0,1,1,0,0,0,1,2,2,1,0,-,-,-,-,-
004957.jpg,1,1,1,1,1,1,2,2,2,1,1,2,1,2,1,1,2,1,2,2,-,-,-,-,-
004958.jpg,0,0,0,0,0,0,0,0,0,0,0,1,0,0,0,0,0,1,1,1,-,-,-,-,-
004959.jpg,0,0,0,0,0,0,0,0,0,0,0,1,0,0,0,0,0,0,0,0,-,-,-,-,-
004960.jpg,0,1,0,1,1,0,0,0,0,0,0,1,0,0,0,0,1,0,1,1,-,-,-,-,-
004961.jpg,0,0,0,0,0,0,0,0,0,0,0,1,0,0,9,0,0,0,0,0,-,-,-,-,-
004962.jpg,0,1,1,1,1,0,1,1,1,1,0,1,1,0,0,0,1,0,0,1,-,-,-,-,-
004963.jpg,0,0,0,0,0,0,0,0,0,0,0,1,0,0,0,0,1,1,1,1,-,-,-,-,-
004964.jpg,0,1,0,1,0,0,0,0,0,0,0,1,0,0,0,0,1,1,1,1,-,-,-,-,-
004965.jpg,0,0,0,0,0,0,0,0,0,0,0,1,1,0,0,0,2,1,1,1,-,-,-,-,-
004966.jpg,0,0,0,0,0,0,0,0,0,0,0,0,0,0,0,0,0,0,0,1,-,-,-,-,-
004967.jpg,1,0,0,0,0,1,1,1,0,1,1,1,0,0,0,1,2,1,2,1,-,-,-,-,-
004968.jpg,0,0,0,0,0,1,1,1,1,1,1,1,1,0,0,0,0,0,0,0,-,-,-,-,-
004969.jpg,0,0,0,0,0,0,0,0,0,0,0,1,1,0,0,1,1,2,1,1,-,-,-,-,-
004970.jpg,0,0,0,0,0,1,2,2,0,0,1,2,2,0,1,1,2,1,1,1,-,-,-,-,-
004971.jpg,0,1,1,1,1,0,0,0,0,0,0,1,0,2,1,1,1,0,1,1,-,-,-,-,-
004972.jpg,0,1,1,1,1,0,0,0,0,0,0,2,1,1,1,0,1,0,1,1,-,-,-,-,-
004973.jpg,0,0,0,0,0,0,0,0,0,0,0,1,0,1,0,0,0,0,1,0,-,-,-,-,-
004974.jpg,0,1,1,1,1,0,1,1,2,1,0,1,1,2,2,0,0,0,0,0,-,-,-,-,-
004975.jpg,0,0,0,1,0,0,0,0,0,0,0,1,0,1,1,0,1,0,1,1,-,-,-,-,-
004976.jpg,0,0,0,0,0,0,0,0,0,0,0,0,0,0,0,0,0,0,0,0,-,-,-,-,-
004977.jpg,0,0,0,1,0,0,0,0,0,0,0,1,0,1,0,0,2,1,1,1,-,-,-,-,-
004978.jpg,1,1,0,1,0,0,0,0,1,0,1,1,1,2,1,1,1,0,1,1,-,-,-,-,-
004979.jpg,0,0,0,1,0,0,0,0,0,0,0,1,0,1,1,0,1,0,0,0,-,-,-,-,-
004980.jpg,0,0,0,0,0,0,0,0,0,0,0,0,0,0,0,0,0,0,0,0,-,-,-,-,-
004981.jpg,0,1,0,1,0,0,0,0,1,0,0,1,1,1,9,0,1,0,1,1,-,-,-,-,-
004982.jpg,0,0,0,0,0,0,0,0,0,0,1,1,1,1,9,1,1,1,1,1,-,-,-,-,-
004983.jpg,0,0,0,0,0,0,0,0,0,0,0,1,0,1,0,0,1,1,2,1,-,-,-,-,-
004984.jpg,0,0,0,0,0,0,0,0,0,0,0,1,1,1,9,0,1,0,2,1,-,-,-,-,-
004985.jpg,0,0,0,1,0,0,0,0,1,0,0,2,1,0,1,0,1,0,1,1,-,-,-,-,-
004986.jpg,0,0,0,0,0,0,0,0,0,0,0,0,0,0,0,0,0,0,0,0,-,-,-,-,-
004987.jpg,1,0,0,0,0,0,0,0,0,0,0,2,1,1,1,0,2,0,1,2,-,-,-,-,-
004988.jpg,0,0,0,0,0,0,0,0,0,0,0,1,0,0,1,0,0,0,0,1,-,-,-,-,-
004989.jpg,0,0,0,0,0,0,0,0,0,0,1,2,1,1,9,0,0,0,1,9,-,-,-,-,-
004990.jpg,0,0,0,1,0,0,0,0,1,0,0,1,1,1,9,0,0,0,1,1,-,-,-,-,-
004991.jpg,1,1,0,1,1,2,1,1,1,1,2,2,1,2,2,1,1,0,1,1,-,-,-,-,-
004992.jpg,0,0,0,0,0,0,0,0,0,0,0,1,0,1,0,0,1,0,2,1,-,-,-,-,-
004993.jpg,1,0,0,1,0,1,1,1,0,0,1,1,0,1,1,1,9,9,2,1,-,-,-,-,-
004994.jpg,0,0,0,0,0,0,0,0,0,0,0,1,1,1,0,0,0,0,1,0,-,-,-,-,-
004995.jpg,1,0,1,1,0,1,1,1,1,9,2,2,1,2,2,1,1,0,1,9,-,-,-,-,-
004996.jpg,0,0,0,1,0,0,0,0,0,0,0,1,1,0,9,0,1,0,1,1,-,-,-,-,-
004997.jpg,1,0,0,1,0,1,0,0,1,0,1,2,2,2,1,1,1,2,2,1,-,-,-,-,-
004998.jpg,0,0,0,1,0,0,0,0,1,0,0,1,1,0,9,0,1,0,1,0,-,-,-,-,-
004999.jpg,0,0,0,0,0,0,0,0,1,0,0,1,1,1,1,0,1,0,1,0,-,-,-,-,-
005000.jpg,0,0,0,0,0,0,0,0,0,0,0,1,0,0,9,0,0,0,1,0,-,-,-,-,-
005001.jpg,1,1,1,0,1,0,0,0,0,0,1,2,2,2,1,1,1,0,2,0,-,-,-,-,-
005002.jpg,0,0,0,0,0,0,0,0,0,0,0,1,1,0,9,0,1,0,1,9,-,-,-,-,-
005003.jpg,0,0,0,0,0,0,0,0,0,0,0,1,1,0,0,0,1,0,0,0,-,-,-,-,-
005004.jpg,1,1,1,1,1,1,1,1,1,1,1,2,1,2,1,1,1,0,2,1,-,-,-,-,-
005005.jpg,0,1,0,0,1,0,0,0,0,0,0,1,1,0,0,0,1,0,1,1,-,-,-,-,-
005006.jpg,0,1,0,0,1,0,0,0,0,0,1,2,1,2,1,1,1,0,2,1,-,-,-,-,-
005007.jpg,0,0,0,0,0,0,0,0,0,0,0,2,1,0,0,0,1,0,0,0,-,-,-,-,-
005008.jpg,0,0,0,0,0,0,0,0,0,0,0,2,1,0,9,0,1,0,0,0,-,-,-,-,-
005009.jpg,1,0,0,1,0,0,1,1,1,0,1,2,1,2,0,1,2,0,2,2,-,-,-,-,-
005010.jpg,0,0,0,0,0,0,0,0,0,0,0,0,0,0,9,0,0,0,1,9,-,-,-,-,-
005011.jpg,0,1,0,1,1,0,0,0,0,0,0,0,0,0,1,0,1,0,1,9,-,-,-,-,-
005012.jpg,0,0,0,0,0,0,0,0,0,0,0,0,1,0,1,0,9,9,0,0,-,-,-,-,-
005013.jpg,0,0,0,0,0,0,0,0,0,0,0,1,1,0,1,0,0,0,0,0,-,-,-,-,-
005014.jpg,0,0,0,0,0,0,0,0,0,0,0,2,1,0,0,0,1,1,1,1,-,-,-,-,-
005015.jpg,0,0,0,0,0,0,0,0,0,0,0,1,1,0,0,0,0,0,0,0,-,-,-,-,-
005016.jpg,0,0,0,0,0,0,0,0,0,0,0,2,1,0,0,0,0,0,1,0,-,-,-,-,-
005017.jpg,0,0,0,0,0,0,0,0,0,0,0,2,2,0,1,0,9,9,1,0,-,-,-,-,-
005018.jpg,0,0,0,1,0,0,0,0,1,0,0,1,1,0,9,0,0,0,0,0,-,-,-,-,-
005019.jpg,1,1,0,1,0,1,1,1,1,1,2,2,1,2,2,1,1,0,1,1,-,-,-,-,-
005020.jpg,0,0,0,0,0,0,0,0,0,0,0,1,1,0,1,0,0,0,0,9,-,-,-,-,-
005021.jpg,0,0,0,0,0,0,0,0,0,0,0,0,0,0,0,0,0,1,0,1,-,-,-,-,-
005022.jpg,0,0,0,0,0,0,0,0,0,0,0,1,1,1,0,0,0,0,1,0,-,-,-,-,-
005023.jpg,0,0,0,0,0,0,0,0,0,0,0,1,1,0,0,0,0,0,0,1,-,-,-,-,-
005024.jpg,0,0,0,0,0,0,0,0,0,0,0,1,2,0,9,0,9,9,0,0,-,-,-,-,-
005025.jpg,1,1,0,1,1,1,1,1,0,0,1,1,0,1,1,1,9,9,1,1,-,-,-,-,-
005026.jpg,0,0,0,0,0,0,0,0,0,0,0,0,0,0,0,0,0,0,0,0,-,-,-,-,-
005027.jpg,0,0,0,0,0,0,0,0,1,0,0,1,1,0,0,0,0,0,0,0,-,-,-,-,-
005028.jpg,2,1,1,1,2,2,2,2,1,1,2,2,2,1,2,2,2,1,1,1,-,-,-,-,-
005029.jpg,0,0,0,0,0,0,0,0,0,0,0,1,0,0,0,0,0,0,0,0,-,-,-,-,-
005030.jpg,1,1,0,1,1,1,1,1,1,1,1,1,1,1,1,1,2,2,2,2,-,-,-,-,-
005031.jpg,0,0,0,0,0,0,0,0,0,0,0,1,0,0,0,0,1,1,1,1,-,-,-,-,-
005032.jpg,0,0,0,1,1,0,0,0,0,0,0,0,0,0,0,0,1,1,0,0,-,-,-,-,-
005033.jpg,1,1,1,0,1,1,1,1,1,1,2,2,1,1,9,1,1,9,2,1,-,-,-,-,-
005034.jpg,0,0,0,0,0,0,0,0,0,0,0,1,1,0,0,0,9,9,0,0,-,-,-,-,-
005035.jpg,1,1,1,1,1,1,1,1,1,1,2,1,1,1,1,1,1,2,2,1,-,-,-,-,-
005036.jpg,0,0,0,0,0,0,0,0,0,0,0,1,0,1,0,0,1,2,1,1,-,-,-,-,-
005037.jpg,0,0,0,0,0,0,1,1,1,1,0,1,1,0,0,0,1,1,1,0,-,-,-,-,-
005038.jpg,1,1,1,1,1,1,1,1,1,1,1,1,0,1,0,1,2,1,2,2,-,-,-,-,-
005039.jpg,0,0,0,0,0,0,0,0,0,0,0,1,1,0,0,0,1,0,0,1,-,-,-,-,-
005040.jpg,0,0,0,0,0,0,0,0,0,0,0,1,1,0,0,0,0,0,0,0,-,-,-,-,-
005041.jpg,2,1,1,1,1,1,1,1,1,1,2,2,2,2,1,2,2,2,2,2,-,-,-,-,-
005042.jpg,0,0,0,0,0,0,0,0,0,0,0,1,1,0,0,0,1,0,0,0,-,-,-,-,-
005043.jpg,1,1,1,1,1,0,1,1,1,1,1,2,1,1,1,1,9,9,2,2,-,-,-,-,-
005044.jpg,0,0,0,0,0,0,0,0,0,0,0,0,0,0,0,0,2,1,2,1,-,-,-,-,-
005045.jpg,1,0,0,1,1,1,1,1,1,1,2,2,1,1,1,1,2,2,2,2,-,-,-,-,-
005046.jpg,0,0,0,0,0,0,0,0,0,0,0,1,0,1,0,0,1,0,2,2,-,-,-,-,-
005047.jpg,1,1,0,1,1,1,2,2,1,1,1,1,1,2,1,1,2,0,2,1,-,-,-,-,-
005048.jpg,0,1,0,1,1,0,0,0,0,0,0,1,0,0,0,0,1,0,1,1,-,-,-,-,-
005049.jpg,0,0,0,1,1,0,1,1,1,1,0,1,0,0,1,0,1,1,1,1,-,-,-,-,-
005050.jpg,0,0,0,1,0,0,0,0,1,0,0,1,0,0,0,0,1,0,1,1,-,-,-,-,-
005051.jpg,0,1,0,1,1,0,0,0,0,0,0,1,0,0,0,0,1,0,0,0,-,-,-,-,-
005052.jpg,0,0,0,0,0,1,1,1,1,1,0,0,1,1,0,0,1,1,1,1,-,-,-,-,-
005053.jpg,0,1,0,1,0,0,0,0,0,0,0,2,1,1,1,0,2,1,0,0,-,-,-,-,-
005054.jpg,2,1,1,1,2,2,2,2,2,2,2,2,1,2,2,2,2,2,2,2,-,-,-,-,-
005055.jpg,1,1,1,1,1,2,2,2,1,1,2,2,2,2,1,2,1,1,1,1,-,-,-,-,-
005056.jpg,0,0,0,1,0,0,0,0,0,0,0,1,0,0,0,1,0,0,2,1,-,-,-,-,-
005057.jpg,2,1,1,1,1,2,2,2,1,2,2,2,1,1,2,2,1,1,2,2,-,-,-,-,-
005058.jpg,0,0,0,0,0,0,1,1,0,1,0,1,0,0,0,0,0,0,0,0,-,-,-,-,-
005059.jpg,2,1,1,1,1,2,2,2,2,1,2,2,1,1,1,2,1,1,0,1,-,-,-,-,-
005060.jpg,0,0,0,0,0,0,0,0,0,0,0,1,1,0,0,0,0,1,1,0,-,-,-,-,-
005061.jpg,0,0,0,1,0,0,0,0,0,0,0,2,1,0,0,0,1,0,0,1,-,-,-,-,-
005062.jpg,0,0,0,1,0,0,0,0,0,0,0,1,0,0,0,0,0,0,0,0,-,-,-,-,-
005063.jpg,1,1,1,1,1,1,1,1,1,1,1,2,1,2,1,1,9,9,2,1,-,-,-,-,-
005064.jpg,0,0,0,0,0,0,0,0,0,0,0,0,0,0,0,0,0,0,0,0,-,-,-,-,-
005065.jpg,0,0,0,0,0,0,0,0,0,0,0,1,0,0,0,0,1,0,0,0,-,-,-,-,-
005066.jpg,0,0,0,1,1,0,1,1,1,1,0,1,0,1,1,0,2,1,2,2,-,-,-,-,-
005067.jpg,1,1,0,1,1,1,1,1,1,1,1,2,1,1,1,1,0,1,2,1,-,-,-,-,-
005068.jpg,0,0,0,0,1,0,1,1,1,1,0,1,1,1,0,0,2,1,2,2,-,-,-,-,-
005069.jpg,0,0,0,0,0,0,0,0,0,0,0,1,0,0,0,0,0,0,0,1,-,-,-,-,-
005070.jpg,2,1,1,1,2,2,2,2,2,1,2,2,2,2,2,2,2,1,2,2,-,-,-,-,-
005071.jpg,0,1,0,1,0,0,0,0,0,0,0,1,0,0,0,0,1,0,0,0,-,-,-,-,-
005072.jpg,1,1,1,1,1,1,1,1,2,1,1,1,0,1,1,0,0,0,0,1,-,-,-,-,-
005073.jpg,1,1,0,1,0,0,1,1,1,0,0,1,0,0,1,0,0,0,1,0,-,-,-,-,-
005074.jpg,1,1,0,1,1,1,1,1,1,1,1,1,0,1,1,1,1,1,1,1,-,-,-,-,-
005075.jpg,0,0,0,0,0,0,0,0,0,0,0,1,0,1,0,0,2,1,9,1,-,-,-,-,-
005076.jpg,1,1,0,0,1,1,2,2,1,1,1,2,2,2,2,1,2,1,2,1,-,-,-,-,-
005077.jpg,0,1,0,0,0,0,1,0,0,0,-,-,-,-,-,-,-,-,-,-,-,-,-,-,-
005078.jpg,1,1,1,1,1,1,2,2,2,2,1,1,2,1,1,2,2,2,2,2,-,-,-,-,-
005079.jpg,0,1,0,1,0,0,2,2,1,1,0,1,1,1,1,0,2,1,1,1,-,-,-,-,-
005080.jpg,1,1,0,1,0,0,0,0,0,0,0,1,1,0,9,0,1,1,1,1,-,-,-,-,-
005081.jpg,0,1,0,1,0,0,1,1,2,2,0,1,1,0,0,0,1,1,1,0,-,-,-,-,-
005082.jpg,0,0,0,0,0,0,0,0,0,0,0,9,9,0,0,0,1,2,2,0,-,-,-,-,-
005083.jpg,0,0,0,0,0,0,0,0,0,0,0,1,1,1,0,0,1,1,2,2,-,-,-,-,-
005084.jpg,0,0,0,0,0,0,1,1,1,1,0,0,0,0,0,0,1,1,1,1,-,-,-,-,-
005085.jpg,0,1,0,0,0,0,1,1,0,0,0,1,1,0,1,1,1,1,1,1,-,-,-,-,-
005086.jpg,0,0,0,0,0,0,0,0,0,0,0,0,0,0,0,0,1,1,0,0,-,-,-,-,-
005087.jpg,0,0,0,0,0,0,1,1,1,1,0,1,0,1,0,0,1,1,0,0,-,-,-,-,-
005088.jpg,0,0,1,1,0,0,0,0,0,0,0,0,1,0,0,0,0,0,0,0,-,-,-,-,-
005089.jpg,1,1,0,1,1,1,1,1,1,1,1,0,0,0,1,1,1,1,2,1,-,-,-,-,-
005090.jpg,0,0,0,0,0,0,0,0,0,0,0,1,0,0,0,0,1,1,0,0,-,-,-,-,-
005091.jpg,0,0,0,0,0,0,0,0,0,0,0,1,1,0,0,0,0,0,0,0,-,-,-,-,-
005092.jpg,0,1,0,1,0,0,1,1,1,1,0,1,0,0,0,0,1,0,0,0,-,-,-,-,-
005093.jpg,1,1,1,1,1,0,0,1,1,0,1,2,1,1,2,1,1,0,2,0,-,-,-,-,-
005094.jpg,0,0,0,0,0,0,0,0,0,0,0,0,0,0,0,0,0,0,1,0,-,-,-,-,-
005095.jpg,1,1,0,1,1,0,0,0,0,0,1,1,1,1,1,0,0,9,1,9,-,-,-,-,-
005096.jpg,0,0,0,0,0,0,0,0,0,0,0,0,1,0,0,0,0,0,1,0,-,-,-,-,-
005097.jpg,0,0,0,0,0,0,0,0,0,0,0,0,0,0,0,0,0,0,0,0,-,-,-,-,-
005098.jpg,1,1,0,1,1,0,0,0,0,0,1,1,1,0,1,0,1,0,1,1,-,-,-,-,-
005099.jpg,0,0,0,0,0,0,0,0,0,0,0,1,1,0,0,9,0,1,1,1,-,-,-,-,-
005100.jpg,1,1,1,1,1,0,1,1,1,1,0,1,1,1,2,1,1,0,1,1,-,-,-,-,-
005101.jpg,1,1,0,1,1,0,0,0,0,0,1,1,0,1,2,1,1,0,1,1,-,-,-,-,-
005102.jpg,0,0,0,0,0,0,0,0,0,0,0,1,2,1,0,0,0,0,1,0,-,-,-,-,-
005103.jpg,0,0,0,1,0,0,0,0,0,0,0,1,1,0,0,0,1,0,1,1,-,-,-,-,-
005104.jpg,1,1,1,1,1,0,0,0,0,0,0,2,1,2,2,0,9,9,1,1,-,-,-,-,-
005105.jpg,0,0,0,1,0,0,0,0,0,0,0,1,0,0,0,0,1,9,1,9,-,-,-,-,-
005107.jpg,0,0,0,0,0,0,0,0,0,0,0,0,0,0,0,0,0,0,0,0,-,-,-,-,-
005108.jpg,0,0,0,0,0,0,0,0,0,0,1,2,2,1,1,0,1,1,9,0,-,-,-,-,-
005109.jpg,0,1,0,0,0,0,0,0,0,0,0,1,0,0,0,0,0,0,0,0,-,-,-,-,-
005110.jpg,1,1,0,0,0,0,0,0,0,0,1,2,1,0,0,1,0,1,0,1,-,-,-,-,-
005111.jpg,0,0,0,0,0,0,0,0,0,0,0,1,0,0,0,0,1,0,0,0,-,-,-,-,-
005112.jpg,0,1,1,1,1,1,1,1,1,1,1,1,1,1,1,1,1,1,1,1,-,-,-,-,-
005113.jpg,1,0,0,1,1,1,1,1,1,0,2,2,1,2,1,1,1,1,1,1,-,-,-,-,-
005114.jpg,0,0,0,0,0,0,0,0,0,0,0,1,1,0,0,0,9,9,1,1,-,-,-,-,-
005115.jpg,0,0,0,0,0,0,0,0,0,0,0,1,1,0,0,0,0,0,0,0,-,-,-,-,-
005116.jpg,1,1,1,1,1,1,0,0,1,0,1,2,1,2,2,1,1,1,1,0,-,-,-,-,-
005117.jpg,0,0,0,0,0,0,0,0,0,0,0,1,1,0,0,0,0,0,1,0,-,-,-,-,-
005118.jpg,1,0,1,0,1,0,0,0,0,0,0,1,0,2,1,1,1,0,1,1,-,-,-,-,-
005119.jpg,0,0,0,0,0,0,0,0,0,0,0,1,1,0,0,0,0,0,0,0,-,-,-,-,-
005120.jpg,0,0,0,2,1,1,1,1,1,1,2,2,1,2,2,1,1,0,1,1,-,-,-,-,-
005121.jpg,0,0,0,0,0,0,0,0,0,0,0,0,0,0,0,0,9,9,2,2,-,-,-,-,-
005122.jpg,1,1,0,1,1,1,1,1,1,1,1,1,0,1,1,1,1,9,2,1,-,-,-,-,-
005123.jpg,0,0,0,0,0,0,0,0,0,0,0,1,1,0,0,0,1,0,1,9,-,-,-,-,-
005124.jpg,1,0,0,1,1,0,1,1,1,0,1,2,1,2,2,1,1,0,1,1,-,-,-,-,-
005125.jpg,0,1,0,1,0,0,0,0,0,0,0,1,1,0,0,0,1,9,1,0,-,-,-,-,-
005126.jpg,1,1,1,1,1,0,0,0,0,0,1,2,1,1,2,0,1,0,2,1,-,-,-,-,-
005127.jpg,1,1,0,1,1,0,0,0,0,0,1,1,0,1,1,1,0,1,1,0,-,-,-,-,-
005128.jpg,0,1,0,0,0,0,0,0,0,0,0,1,1,0,0,0,0,0,1,0,-,-,-,-,-
005129.jpg,0,1,0,0,0,0,0,0,0,0,1,2,1,0,1,0,1,1,1,1,-,-,-,-,-
005130.jpg,0,0,0,0,0,0,0,0,0,0,0,1,0,0,0,0,0,0,0,0,-,-,-,-,-
005131.jpg,0,0,0,0,0,0,0,0,0,0,0,1,0,0,0,0,1,9,1,1,-,-,-,-,-
005132.jpg,0,0,0,0,0,0,0,0,0,0,0,1,1,0,9,0,1,9,1,9,-,-,-,-,-
005133.jpg,0,0,0,0,0,0,0,0,0,0,0,1,1,0,1,0,1,1,1,1,-,-,-,-,-
005134.jpg,0,0,0,0,0,0,0,0,0,0,0,1,1,0,0,0,9,9,9,9,-,-,-,-,-
005135.jpg,0,0,0,0,0,0,0,0,0,0,0,1,0,0,0,0,1,0,1,0,-,-,-,-,-
005136.jpg,0,0,0,0,0,0,0,0,0,0,0,1,1,0,0,0,1,0,1,1,-,-,-,-,-
005137.jpg,0,1,0,1,1,0,0,1,1,0,0,2,1,0,1,0,1,0,0,1,-,-,-,-,-
005138.jpg,0,1,0,1,0,0,0,0,0,0,0,1,0,0,0,0,1,9,1,0,-,-,-,-,-
005139.jpg,0,0,0,0,0,0,0,0,1,1,0,1,0,0,0,0,1,0,9,1,-,-,-,-,-
005140.jpg,0,0,0,0,0,0,0,0,0,0,0,2,1,0,0,0,1,9,1,0,-,-,-,-,-
005141.jpg,1,1,1,1,1,0,0,0,1,0,1,1,2,1,2,1,1,9,1,1,-,-,-,-,-
005142.jpg,0,0,0,0,0,0,0,0,0,0,0,1,0,0,0,0,1,0,1,1,-,-,-,-,-
005143.jpg,1,1,0,1,1,0,0,0,0,0,1,2,1,1,1,1,9,0,1,1,-,-,-,-,-
005144.jpg,0,0,0,0,0,0,0,0,0,0,0,0,0,0,0,0,9,9,0,0,-,-,-,-,-
005145.jpg,0,0,0,0,0,0,0,0,0,0,0,1,0,0,0,0,9,9,1,1,-,-,-,-,-
005146.jpg,0,0,0,0,0,0,0,0,0,0,0,1,0,0,0,0,1,0,1,1,-,-,-,-,-
005147.jpg,1,0,0,1,0,0,1,0,1,0,2,2,1,1,2,1,9,9,1,1,-,-,-,-,-
005148.jpg,0,0,0,0,0,0,0,0,0,0,0,0,0,0,0,0,9,9,1,1,-,-,-,-,-
005149.jpg,0,0,0,0,0,0,0,0,0,0,0,1,0,0,0,0,1,0,1,1,-,-,-,-,-
005151.jpg,0,0,0,0,0,0,0,0,0,9,-,-,-,-,-,-,-,-,-,-,-,-,-,-,-
005159.jpg,0,0,0,0,0,0,9,9,1,0,0,0,0,0,0,0,0,0,0,9,-,-,-,-,-
005204.jpg,0,9,0,0,9,-,-,-,-,-,-,-,-,-,-,-,-,-,-,-,-,-,-,-,-
005220.jpg,0,9,9,0,9,0,0,0,0,9,0,9,0,0,9,-,-,-,-,-,-,-,-,-,-
005274.jpg,1,9,1,1,1,1,1,1,1,1,1,0,0,1,0,0,9,1,1,1,-,-,-,-,-
005302.jpg,0,9,9,0,9,0,1,0,0,0,0,0,0,0,9,-,-,-,-,-,-,-,-,-,-
005360.jpg,9,9,9,1,9,-,-,-,-,-,-,-,-,-,-,-,-,-,-,-,-,-,-,-,-
005372.jpg,9,9,9,2,9,-,-,-,-,-,-,-,-,-,-,-,-,-,-,-,-,-,-,-,-
005392.jpg,1,9,9,9,9,1,9,9,9,9,-,-,-,-,-,-,-,-,-,-,-,-,-,-,-
005394.jpg,1,9,9,1,9,0,9,9,1,9,0,2,1,2,9,9,9,9,2,9,-,-,-,-,-
005469.jpg,2,2,1,2,2,1,1,1,2,2,1,1,9,1,9,1,9,9,2,1,-,-,-,-,-
005549.jpg,2,9,9,1,9,-,-,-,-,-,-,-,-,-,-,-,-,-,-,-,-,-,-,-,-
005560.jpg,0,9,9,0,0,-,-,-,-,-,-,-,-,-,-,-,-,-,-,-,-,-,-,-,-
005565.jpg,0,0,0,0,1,0,0,0,0,9,-,-,-,-,-,-,-,-,-,-,-,-,-,-,-
005580.jpg,0,9,0,1,1,-,-,-,-,-,-,-,-,-,-,-,-,-,-,-,-,-,-,-,-
005584.jpg,1,1,1,2,1,0,9,0,1,0,0,1,9,1,1,-,-,-,-,-,-,-,-,-,-
005609.jpg,0,9,9,1,1,-,-,-,-,-,-,-,-,-,-,-,-,-,-,-,-,-,-,-,-
005662.jpg,2,2,9,2,1,1,2,2,1,1,2,1,1,2,0,-,-,-,-,-,-,-,-,-,-
005790.jpg,0,9,9,0,9,0,9,9,0,9,-,-,-,-,-,-,-,-,-,-,-,-,-,-,-
005802.jpg,0,9,1,0,9,0,1,0,0,0,0,1,0,0,9,-,-,-,-,-,-,-,-,-,-
005832.jpg,0,1,9,0,2,0,1,0,0,1,0,1,1,1,1,0,0,0,0,0,-,-,-,-,-
005839.jpg,0,9,9,0,9,0,9,9,0,9,-,-,-,-,-,-,-,-,-,-,-,-,-,-,-
005897.jpg,0,1,0,0,0,0,9,9,0,0,0,1,0,1,0,-,-,-,-,-,-,-,-,-,-
005923.jpg,0,9,9,0,0,0,1,1,0,0,0,0,0,0,0,0,0,0,0,0,-,-,-,-,-
005978.jpg,0,9,9,0,9,9,9,9,0,9,0,9,9,0,9,-,-,-,-,-,-,-,-,-,-
006007.jpg,0,9,9,0,9,0,0,0,0,0,-,-,-,-,-,-,-,-,-,-,-,-,-,-,-
006036.jpg,0,9,9,9,0,-,-,-,-,-,-,-,-,-,-,-,-,-,-,-,-,-,-,-,-
006047.jpg,1,2,1,0,1,1,1,1,1,1,1,1,9,1,2,0,1,1,0,1,-,-,-,-,-
006194.jpg,0,9,9,0,9,0,0,9,0,9,-,-,-,-,-,-,-,-,-,-,-,-,-,-,-
006201.jpg,0,0,0,0,0,0,0,0,0,0,0,0,0,0,0,-,-,-,-,-,-,-,-,-,-
006233.jpg,0,9,9,0,0,0,1,0,0,1,0,9,9,0,9,-,-,-,-,-,-,-,-,-,-
006285.jpg,1,0,0,1,1,0,9,0,1,9,-,-,-,-,-,-,-,-,-,-,-,-,-,-,-
006303.jpg,9,9,9,2,9,1,9,9,2,9,-,-,-,-,-,-,-,-,-,-,-,-,-,-,-
006351.jpg,9,9,9,2,9,1,9,9,2,1,0,9,9,1,9,0,9,9,2,9,-,-,-,-,-
006378.jpg,1,0,9,2,9,1,0,0,1,1,1,1,0,1,9,-,-,-,-,-,-,-,-,-,-
006406.jpg,1,2,1,1,2,1,1,1,2,2,1,0,0,1,1,-,-,-,-,-,-,-,-,-,-
006416.jpg,0,0,0,0,9,0,0,0,1,9,0,9,9,1,9,-,-,-,-,-,-,-,-,-,-
006490.jpg,1,0,1,1,1,1,9,9,1,9,-,-,-,-,-,-,-,-,-,-,-,-,-,-,-
006557.jpg,0,9,9,0,9,0,0,0,0,1,0,0,0,1,0,0,0,0,0,0,-,-,-,-,-
006575.jpg,1,9,9,1,0,1,1,1,1,0,1,1,1,1,1,1,9,1,1,0,-,-,-,-,-
006592.jpg,0,0,0,0,0,1,1,2,0,9,0,9,9,0,9,-,-,-,-,-,-,-,-,-,-
006659.jpg,2,1,1,1,1,2,1,1,2,2,2,2,1,1,9,-,-,-,-,-,-,-,-,-,-
006666.jpg,0,9,9,0,0,0,0,0,0,0,-,-,-,-,-,-,-,-,-,-,-,-,-,-,-
006723.jpg,0,9,9,0,0,-,-,-,-,-,-,-,-,-,-,-,-,-,-,-,-,-,-,-,-
006739.jpg,9,9,9,0,9,9,9,9,0,9,9,9,9,0,9,-,-,-,-,-,-,-,-,-,-
006811.jpg,9,9,9,1,9,2,9,9,0,9,9,9,9,0,9,-,-,-,-,-,-,-,-,-,-
006815.jpg,1,9,9,0,9,-,-,-,-,-,-,-,-,-,-,-,-,-,-,-,-,-,-,-,-
006829.jpg,0,0,0,0,1,0,9,0,0,1,-,-,-,-,-,-,-,-,-,-,-,-,-,-,-
006847.jpg,1,1,2,0,1,1,1,1,0,9,1,1,0,0,9,-,-,-,-,-,-,-,-,-,-
006895.jpg,0,9,9,0,9,-,-,-,-,-,-,-,-,-,-,-,-,-,-,-,-,-,-,-,-
006897.jpg,1,9,0,0,1,0,0,0,0,1,-,-,-,-,-,-,-,-,-,-,-,-,-,-,-
006898.jpg,0,9,9,0,9,0,9,9,0,9,-,-,-,-,-,-,-,-,-,-,-,-,-,-,-
006909.jpg,0,0,0,0,9,-,-,-,-,-,-,-,-,-,-,-,-,-,-,-,-,-,-,-,-
006915.jpg,0,9,1,0,0,0,1,0,0,0,0,1,1,1,0,0,9,0,0,9,-,-,-,-,-
006926.jpg,1,9,1,1,9,0,9,9,0,9,-,-,-,-,-,-,-,-,-,-,-,-,-,-,-
006965.jpg,0,0,0,0,1,0,9,0,0,1,-,-,-,-,-,-,-,-,-,-,-,-,-,-,-
006993.jpg,0,0,1,0,0,0,9,9,9,0,-,-,-,-,-,-,-,-,-,-,-,-,-,-,-
007030.jpg,0,9,9,0,9,0,0,0,0,0,1,9,9,0,9,0,0,0,0,9,-,-,-,-,-
007079.jpg,0,0,0,1,0,0,1,1,0,0,0,9,0,0,9,0,9,9,0,9,-,-,-,-,-
007080.jpg,0,9,9,0,0,0,9,9,0,1,-,-,-,-,-,-,-,-,-,-,-,-,-,-,-
007103.jpg,0,0,0,0,0,0,0,0,1,9,0,9,0,0,9,-,-,-,-,-,-,-,-,-,-
007127.jpg,1,0,9,0,9,0,9,9,0,9,-,-,-,-,-,-,-,-,-,-,-,-,-,-,-
007131.jpg,1,1,1,0,9,1,2,1,1,1,0,9,9,0,9,1,9,9,0,9,-,-,-,-,-
007150.jpg,0,1,0,0,0,0,9,9,0,9,-,-,-,-,-,-,-,-,-,-,-,-,-,-,-
007155.jpg,0,0,0,1,0,0,0,0,0,0,0,0,0,0,0,-,-,-,-,-,-,-,-,-,-
007163.jpg,1,9,9,1,1,9,9,9,0,9,-,-,-,-,-,-,-,-,-,-,-,-,-,-,-
007165.jpg,1,0,0,1,0,1,1,1,0,0,0,1,9,0,1,1,1,1,0,1,-,-,-,-,-
007169.jpg,0,9,9,0,9,-,-,-,-,-,-,-,-,-,-,-,-,-,-,-,-,-,-,-,-
007174.jpg,0,0,0,9,9,1,9,0,1,9,0,1,0,1,1,0,0,0,0,9,0,0,9,0,9
007226.jpg,0,9,9,0,0,-,-,-,-,-,-,-,-,-,-,-,-,-,-,-,-,-,-,-,-
007228.jpg,0,9,9,0,9,-,-,-,-,-,-,-,-,-,-,-,-,-,-,-,-,-,-,-,-
007351.jpg,0,9,9,0,0,0,9,9,0,0,-,-,-,-,-,-,-,-,-,-,-,-,-,-,-
007398.jpg,1,9,9,0,0,1,9,9,0,0,-,-,-,-,-,-,-,-,-,-,-,-,-,-,-
007416.jpg,1,9,9,1,1,0,9,0,1,9,-,-,-,-,-,-,-,-,-,-,-,-,-,-,-
007423.jpg,9,2,2,2,2,0,2,1,2,2,0,9,1,1,1,-,-,-,-,-,-,-,-,-,-
007433.jpg,0,1,9,2,1,1,1,1,1,1,0,9,9,1,1,-,-,-,-,-,-,-,-,-,-
007436.jpg,1,2,1,1,2,0,0,0,1,1,-,-,-,-,-,-,-,-,-,-,-,-,-,-,-
007449.jpg,1,1,1,2,1,1,2,2,2,2,0,2,1,1,1,-,-,-,-,-,-,-,-,-,-
007453.jpg,1,9,9,2,1,0,9,9,9,9,-,-,-,-,-,-,-,-,-,-,-,-,-,-,-
007473.jpg,0,0,0,0,9,0,0,0,0,9,-,-,-,-,-,-,-,-,-,-,-,-,-,-,-
007566.jpg,1,9,9,1,0,0,0,0,0,0,1,9,9,9,9,-,-,-,-,-,-,-,-,-,-
007638.jpg,0,9,0,1,0,0,0,0,0,0,-,-,-,-,-,-,-,-,-,-,-,-,-,-,-
007666.jpg,0,9,9,1,9,0,1,0,1,1,1,9,9,0,0,0,9,9,0,9,-,-,-,-,-
007679.jpg,0,0,0,0,9,-,-,-,-,-,-,-,-,-,-,-,-,-,-,-,-,-,-,-,-
007849.jpg,1,1,1,1,2,1,1,0,1,2,1,1,0,1,1,-,-,-,-,-,-,-,-,-,-
007853.jpg,9,9,9,0,9,-,-,-,-,-,-,-,-,-,-,-,-,-,-,-,-,-,-,-,-
007858.jpg,0,9,9,1,9,9,9,9,0,0,0,9,9,0,0,-,-,-,-,-,-,-,-,-,-
007994.jpg,0,1,0,0,0,0,0,0,0,0,-,-,-,-,-,-,-,-,-,-,-,-,-,-,-
008011.jpg,0,0,0,0,0,0,9,9,9,0,0,0,0,1,9,-,-,-,-,-,-,-,-,-,-
008205.jpg,0,1,0,0,9,0,9,9,0,9,-,-,-,-,-,-,-,-,-,-,-,-,-,-,-
008208.jpg,0,0,9,0,1,0,0,1,0,1,0,9,9,0,9,-,-,-,-,-,-,-,-,-,-
008230.jpg,0,0,0,1,1,0,0,0,0,0,0,0,0,1,0,0,0,0,9,9,-,-,-,-,-
008291.jpg,0,9,9,0,9,-,-,-,-,-,-,-,-,-,-,-,-,-,-,-,-,-,-,-,-
008308.jpg,1,1,2,1,9,9,9,9,1,9,-,-,-,-,-,-,-,-,-,-,-,-,-,-,-
008327.jpg,1,9,1,1,1,1,9,9,1,9,-,-,-,-,-,-,-,-,-,-,-,-,-,-,-
008350.jpg,0,9,9,0,9,-,-,-,-,-,-,-,-,-,-,-,-,-,-,-,-,-,-,-,-
008390.jpg,1,2,0,1,2,0,9,0,1,1,-,-,-,-,-,-,-,-,-,-,-,-,-,-,-
008396.jpg,1,1,1,2,1,1,2,1,2,1,0,1,0,1,1,0,0,1,2,9,-,-,-,-,-
008412.jpg,0,9,9,1,1,-,-,-,-,-,-,-,-,-,-,-,-,-,-,-,-,-,-,-,-
008436.jpg,1,0,1,2,1,-,-,-,-,-,-,-,-,-,-,-,-,-,-,-,-,-,-,-,-
008485.jpg,1,1,1,1,1,1,1,1,1,9,9,0,0,1,9,-,-,-,-,-,-,-,-,-,-
008547.jpg,1,9,9,1,1,1,0,9,0,1,-,-,-,-,-,-,-,-,-,-,-,-,-,-,-
008555.jpg,1,9,9,0,9,-,-,-,-,-,-,-,-,-,-,-,-,-,-,-,-,-,-,-,-
008574.jpg,0,9,9,0,9,0,9,9,0,9,-,-,-,-,-,-,-,-,-,-,-,-,-,-,-
008591.jpg,0,0,0,1,1,0,0,0,1,1,0,0,0,1,1,0,0,0,9,0,-,-,-,-,-
008699.jpg,1,1,0,1,1,1,0,1,1,9,-,-,-,-,-,-,-,-,-,-,-,-,-,-,-
008723.jpg,0,0,0,0,0,0,0,9,0,1,-,-,-,-,-,-,-,-,-,-,-,-,-,-,-
008747.jpg,0,0,0,0,0,0,9,0,1,0,0,1,1,0,1,0,9,9,0,1,-,-,-,-,-
008794.jpg,0,9,9,0,0,0,9,9,0,9,-,-,-,-,-,-,-,-,-,-,-,-,-,-,-
008796.jpg,0,0,0,0,0,0,0,0,0,9,0,1,0,0,9,0,9,0,0,9,-,-,-,-,-
008822.jpg,0,1,0,1,0,0,0,0,0,9,-,-,-,-,-,-,-,-,-,-,-,-,-,-,-
008837.jpg,0,9,9,0,9,-,-,-,-,-,-,-,-,-,-,-,-,-,-,-,-,-,-,-,-
008841.jpg,0,9,9,0,9,-,-,-,-,-,-,-,-,-,-,-,-,-,-,-,-,-,-,-,-
008967.jpg,0,0,0,0,9,-,-,-,-,-,-,-,-,-,-,-,-,-,-,-,-,-,-,-,-
009038.jpg,1,1,1,1,1,0,9,9,0,0,-,-,-,-,-,-,-,-,-,-,-,-,-,-,-
009179.jpg,2,1,1,2,2,1,1,1,1,2,1,9,0,1,1,-,-,-,-,-,-,-,-,-,-
009186.jpg,2,2,2,2,2,1,2,1,2,2,1,1,1,1,2,-,-,-,-,-,-,-,-,-,-
009205.jpg,9,9,9,1,2,-,-,-,-,-,-,-,-,-,-,-,-,-,-,-,-,-,-,-,-
009222.jpg,1,9,9,1,1,1,9,0,1,9,-,-,-,-,-,-,-,-,-,-,-,-,-,-,-
009223.jpg,2,9,9,1,9,-,-,-,-,-,-,-,-,-,-,-,-,-,-,-,-,-,-,-,-
009249.jpg,2,9,9,1,2,2,1,0,1,0,-,-,-,-,-,-,-,-,-,-,-,-,-,-,-
009305.jpg,2,2,9,2,1,2,9,2,2,1,2,2,2,2,2,2,0,1,2,9,-,-,-,-,-
009339.jpg,1,0,0,1,1,1,1,0,1,1,-,-,-,-,-,-,-,-,-,-,-,-,-,-,-
009527.jpg,1,9,0,2,9,1,9,9,2,9,-,-,-,-,-,-,-,-,-,-,-,-,-,-,-
009531.jpg,0,9,0,1,9,-,-,-,-,-,-,-,-,-,-,-,-,-,-,-,-,-,-,-,-
009554.jpg,0,9,0,1,0,1,1,1,1,1,-,-,-,-,-,-,-,-,-,-,-,-,-,-,-
009602.jpg,9,9,9,2,9,-,-,-,-,-,-,-,-,-,-,-,-,-,-,-,-,-,-,-,-
009660.jpg,0,9,1,2,9,1,1,9,2,9,0,1,1,2,9,0,0,1,2,9,-,-,-,-,-
009669.jpg,1,1,1,2,1,0,9,9,2,9,-,-,-,-,-,-,-,-,-,-,-,-,-,-,-
009684.jpg,1,9,9,2,2,1,1,1,1,2,0,9,0,1,2,-,-,-,-,-,-,-,-,-,-
009778.jpg,2,2,9,1,2,2,1,9,1,2,2,9,0,1,2,-,-,-,-,-,-,-,-,-,-
009799.jpg,0,9,9,0,0,0,0,0,0,0,0,9,9,0,0,0,9,9,0,9,-,-,-,-,-
009843.jpg,9,9,9,1,9,-,-,-,-,-,-,-,-,-,-,-,-,-,-,-,-,-,-,-,-
009900.jpg,1,0,0,1,1,2,1,1,1,9,-,-,-,-,-,-,-,-,-,-,-,-,-,-,-
009923.jpg,0,9,9,0,9,0,9,9,0,9,0,0,0,0,9,-,-,-,-,-,-,-,-,-,-
009926.jpg,0,9,0,0,9,-,-,-,-,-,-,-,-,-,-,-,-,-,-,-,-,-,-,-,-
009960.jpg,1,0,0,1,1,1,9,1,1,1,-,-,-,-,-,-,-,-,-,-,-,-,-,-,-
010009.jpg,2,9,1,2,9,-,-,-,-,-,-,-,-,-,-,-,-,-,-,-,-,-,-,-,-
010029.jpg,0,0,0,0,0,0,0,0,0,0,0,9,0,9,0,0,0,9,1,0,-,-,-,-,-
010128.jpg,1,1,0,1,1,0,9,9,1,0,0,0,9,9,0,-,-,-,-,-,-,-,-,-,-
010139.jpg,0,9,9,1,9,0,0,9,1,9,0,0,0,1,9,-,-,-,-,-,-,-,-,-,-
010233.jpg,0,9,9,0,9,1,0,0,0,9,0,9,9,9,9,-,-,-,-,-,-,-,-,-,-
010287.jpg,9,9,9,2,9,1,9,9,2,9,1,1,1,2,9,9,9,9,2,9,9,9,9,2,9
010324.jpg,2,9,9,2,1,1,2,1,1,9,1,1,1,1,1,0,9,0,1,9,-,-,-,-,-
010330.jpg,2,9,2,2,9,2,9,0,2,9,-,-,-,-,-,-,-,-,-,-,-,-,-,-,-
010379.jpg,1,0,0,1,1,1,9,9,0,1,-,-,-,-,-,-,-,-,-,-,-,-,-,-,-
010409.jpg,1,1,0,0,1,1,1,0,0,2,0,9,0,0,2,-,-,-,-,-,-,-,-,-,-
010414.jpg,1,9,9,1,9,1,1,0,0,1,0,1,0,0,0,-,-,-,-,-,-,-,-,-,-
010416.jpg,0,0,0,0,0,1,0,0,0,1,1,1,9,1,1,0,0,0,0,0,-,-,-,-,-
010437.jpg,1,1,0,1,1,1,0,0,1,0,-,-,-,-,-,-,-,-,-,-,-,-,-,-,-
010471.jpg,1,0,1,1,9,1,1,9,1,9,-,-,-,-,-,-,-,-,-,-,-,-,-,-,-
010495.jpg,1,9,9,1,9,1,1,9,1,9,9,9,9,1,9,-,-,-,-,-,-,-,-,-,-
010554.jpg,9,9,9,1,9,-,-,-,-,-,-,-,-,-,-,-,-,-,-,-,-,-,-,-,-
010578.jpg,1,9,9,1,1,2,1,1,1,2,1,9,9,1,2,2,9,9,1,1,-,-,-,-,-
010671.jpg,0,0,9,0,9,1,1,0,0,1,0,9,0,0,9,1,1,9,0,9,-,-,-,-,-
010743.jpg,1,2,1,2,1,1,1,1,1,2,9,9,9,1,9,-,-,-,-,-,-,-,-,-,-
010791.jpg,2,2,2,2,9,2,1,1,2,1,2,9,9,1,1,2,9,9,2,9,2,9,9,1,9
010874.jpg,2,1,2,1,1,1,9,9,2,2,-,-,-,-,-,-,-,-,-,-,-,-,-,-,-
010896.jpg,1,1,1,1,2,1,2,1,1,2,0,9,0,1,2,-,-,-,-,-,-,-,-,-,-
010952.jpg,1,0,1,1,2,0,9,0,0,9,-,-,-,-,-,-,-,-,-,-,-,-,-,-,-
010960.jpg,0,9,0,1,9,-,-,-,-,-,-,-,-,-,-,-,-,-,-,-,-,-,-,-,-
011045.jpg,1,1,9,0,1,1,1,9,0,1,-,-,-,-,-,-,-,-,-,-,-,-,-,-,-
011096.jpg,0,1,0,1,1,0,0,0,1,0,0,0,0,1,0,0,0,0,1,0,-,-,-,-,-
011100.jpg,9,9,9,0,9,9,9,9,0,9,-,-,-,-,-,-,-,-,-,-,-,-,-,-,-
011102.jpg,0,9,9,0,9,-,-,-,-,-,-,-,-,-,-,-,-,-,-,-,-,-,-,-,-
011245.jpg,0,0,0,0,9,0,0,0,0,0,0,9,9,0,9,-,-,-,-,-,-,-,-,-,-
011278.jpg,1,0,1,1,1,0,0,0,0,0,-,-,-,-,-,-,-,-,-,-,-,-,-,-,-
011281.jpg,0,9,9,0,9,1,1,1,1,9,1,9,9,2,9,9,9,9,0,9,-,-,-,-,-
011323.jpg,0,0,9,0,1,0,0,0,0,0,0,0,0,0,0,-,-,-,-,-,-,-,-,-,-
011358.jpg,0,0,0,0,0,0,0,0,1,0,0,1,0,0,0,-,-,-,-,-,-,-,-,-,-
011377.jpg,0,9,0,0,1,-,-,-,-,-,-,-,-,-,-,-,-,-,-,-,-,-,-,-,-
011457.jpg,0,0,0,0,9,-,-,-,-,-,-,-,-,-,-,-,-,-,-,-,-,-,-,-,-
011497.jpg,0,0,0,0,1,0,0,0,0,0,0,0,0,0,0,0,9,9,1,0,-,-,-,-,-
011498.jpg,1,1,9,0,9,0,1,9,0,0,0,9,9,0,9,-,-,-,-,-,-,-,-,-,-
011501.jpg,1,9,9,0,0,0,0,0,0,0,-,-,-,-,-,-,-,-,-,-,-,-,-,-,-
011502.jpg,0,9,0,0,1,-,-,-,-,-,-,-,-,-,-,-,-,-,-,-,-,-,-,-,-
011504.jpg,9,9,9,0,9,1,9,9,0,9,9,9,9,0,9,-,-,-,-,-,-,-,-,-,-
011510.jpg,1,0,1,0,1,0,9,9,0,9,-,-,-,-,-,-,-,-,-,-,-,-,-,-,-
011588.jpg,0,9,9,1,2,0,9,9,0,1,1,1,9,2,2,0,9,9,0,9,-,-,-,-,-
011612.jpg,0,1,0,0,0,0,9,9,0,9,-,-,-,-,-,-,-,-,-,-,-,-,-,-,-
011660.jpg,0,9,0,0,1,-,-,-,-,-,-,-,-,-,-,-,-,-,-,-,-,-,-,-,-
011661.jpg,0,0,0,0,0,0,0,0,0,9,0,0,0,0,9,-,-,-,-,-,-,-,-,-,-
011688.jpg,0,9,9,0,9,0,9,9,1,9,0,9,9,0,9,0,0,0,0,9,-,-,-,-,-
011726.jpg,0,9,9,0,1,-,-,-,-,-,-,-,-,-,-,-,-,-,-,-,-,-,-,-,-
011741.jpg,0,0,0,0,0,0,0,0,1,1,0,0,0,1,0,0,9,0,0,9,-,-,-,-,-
011771.jpg,0,0,0,0,9,0,9,0,0,9,-,-,-,-,-,-,-,-,-,-,-,-,-,-,-
011930.jpg,1,0,0,1,2,1,1,1,1,2,0,0,0,0,1,-,-,-,-,-,-,-,-,-,-
012004.jpg,0,9,9,0,9,9,9,9,0,9,0,9,0,0,9,-,-,-,-,-,-,-,-,-,-
012009.jpg,0,1,2,1,9,0,0,0,0,9,0,1,9,1,0,0,9,0,0,9,-,-,-,-,-
012040.jpg,1,9,0,1,9,1,9,0,0,9,-,-,-,-,-,-,-,-,-,-,-,-,-,-,-
012070.jpg,9,9,9,2,9,9,9,9,2,9,9,9,9,2,9,9,9,9,2,9,-,-,-,-,-
012098.jpg,9,9,9,0,9,-,-,-,-,-,-,-,-,-,-,-,-,-,-,-,-,-,-,-,-
012102.jpg,1,9,9,0,9,1,9,9,0,9,-,-,-,-,-,-,-,-,-,-,-,-,-,-,-
012147.jpg,0,9,9,1,1,-,-,-,-,-,-,-,-,-,-,-,-,-,-,-,-,-,-,-,-
012174.jpg,0,9,9,0,0,-,-,-,-,-,-,-,-,-,-,-,-,-,-,-,-,-,-,-,-
012186.jpg,0,9,9,0,9,-,-,-,-,-,-,-,-,-,-,-,-,-,-,-,-,-,-,-,-
012274.jpg,2,9,9,2,2,1,1,1,1,2,2,2,1,1,2,2,1,1,1,2,-,-,-,-,-
012280.jpg,1,1,1,1,1,1,0,0,0,1,-,-,-,-,-,-,-,-,-,-,-,-,-,-,-
012312.jpg,0,9,9,0,9,0,9,9,0,9,-,-,-,-,-,-,-,-,-,-,-,-,-,-,-
012332.jpg,2,2,1,2,1,2,9,1,2,1,-,-,-,-,-,-,-,-,-,-,-,-,-,-,-
012366.jpg,1,0,0,1,1,0,0,0,1,0,-,-,-,-,-,-,-,-,-,-,-,-,-,-,-
012398.jpg,1,9,9,1,1,-,-,-,-,-,-,-,-,-,-,-,-,-,-,-,-,-,-,-,-
012412.jpg,1,1,1,2,0,0,9,9,9,0,-,-,-,-,-,-,-,-,-,-,-,-,-,-,-
012429.jpg,2,2,9,2,1,2,1,2,1,2,1,1,9,2,2,-,-,-,-,-,-,-,-,-,-
012433.jpg,1,1,1,1,9,2,9,0,1,9,-,-,-,-,-,-,-,-,-,-,-,-,-,-,-
012484.jpg,0,9,9,0,9,-,-,-,-,-,-,-,-,-,-,-,-,-,-,-,-,-,-,-,-
012491.jpg,2,9,9,9,9,1,0,1,1,1,1,0,0,9,9,-,-,-,-,-,-,-,-,-,-
012549.jpg,1,1,9,1,2,1,1,1,1,2,0,9,0,1,2,-,-,-,-,-,-,-,-,-,-
012565.jpg,0,0,0,1,0,0,0,0,0,9,0,9,9,9,9,-,-,-,-,-,-,-,-,-,-
012571.jpg,0,0,0,0,0,0,9,1,0,0,-,-,-,-,-,-,-,-,-,-,-,-,-,-,-
012605.jpg,9,9,9,1,9,-,-,-,-,-,-,-,-,-,-,-,-,-,-,-,-,-,-,-,-
012687.jpg,0,9,9,2,9,0,0,0,0,1,1,2,2,2,1,0,9,1,1,9,-,-,-,-,-
012695.jpg,1,0,1,1,1,1,1,1,1,2,1,0,0,1,1,0,0,0,0,1,-,-,-,-,-
012722.jpg,0,9,9,2,9,1,9,9,1,1,0,9,0,0,9,-,-,-,-,-,-,-,-,-,-
012726.jpg,0,9,9,1,9,0,9,9,1,9,0,9,9,1,9,-,-,-,-,-,-,-,-,-,-
012738.jpg,0,9,9,0,1,-,-,-,-,-,-,-,-,-,-,-,-,-,-,-,-,-,-,-,-
012739.jpg,0,0,0,0,0,0,0,0,1,9,0,9,9,9,9,-,-,-,-,-,-,-,-,-,-
012742.jpg,0,0,0,1,0,0,0,0,0,0,-,-,-,-,-,-,-,-,-,-,-,-,-,-,-
012769.jpg,9,9,9,1,9,0,9,9,0,9,-,-,-,-,-,-,-,-,-,-,-,-,-,-,-
012777.jpg,0,9,9,0,9,0,1,1,0,9,0,9,9,0,9,-,-,-,-,-,-,-,-,-,-
012804.jpg,1,9,9,2,9,0,9,9,1,9,-,-,-,-,-,-,-,-,-,-,-,-,-,-,-
012819.jpg,0,0,9,1,9,1,1,1,2,2,1,2,1,1,2,0,9,0,1,2,1,1,1,1,2
012850.jpg,1,9,9,2,9,0,9,9,2,9,-,-,-,-,-,-,-,-,-,-,-,-,-,-,-
012859.jpg,1,9,9,2,2,0,1,1,2,1,1,0,0,1,0,-,-,-,-,-,-,-,-,-,-
012870.jpg,0,1,0,0,1,-,-,-,-,-,-,-,-,-,-,-,-,-,-,-,-,-,-,-,-
012883.jpg,0,9,9,1,2,-,-,-,-,-,-,-,-,-,-,-,-,-,-,-,-,-,-,-,-
012912.jpg,0,9,9,1,9,0,9,9,0,0,-,-,-,-,-,-,-,-,-,-,-,-,-,-,-
012971.jpg,1,1,1,1,9,1,9,9,1,9,-,-,-,-,-,-,-,-,-,-,-,-,-,-,-
012984.jpg,0,9,9,0,9,-,-,-,-,-,-,-,-,-,-,-,-,-,-,-,-,-,-,-,-
013023.jpg,1,0,9,1,1,0,1,0,1,1,1,1,0,2,2,0,9,9,1,9,-,-,-,-,-
013039.jpg,9,9,9,1,9,-,-,-,-,-,-,-,-,-,-,-,-,-,-,-,-,-,-,-,-
013073.jpg,0,9,9,1,9,1,1,1,1,9,-,-,-,-,-,-,-,-,-,-,-,-,-,-,-
013079.jpg,0,9,9,1,1,0,0,0,1,1,0,0,0,1,0,0,0,9,0,1,0,9,9,9,9
013094.jpg,9,1,9,2,9,1,1,9,2,9,9,9,9,2,9,-,-,-,-,-,-,-,-,-,-
013100.jpg,1,1,1,1,1,0,9,0,2,1,-,-,-,-,-,-,-,-,-,-,-,-,-,-,-
013134.jpg,0,9,9,1,9,9,1,2,2,9,-,-,-,-,-,-,-,-,-,-,-,-,-,-,-
013197.jpg,0,1,9,0,9,0,1,9,1,9,1,9,9,1,1,0,0,0,0,9,-,-,-,-,-
013215.jpg,0,1,0,2,1,-,-,-,-,-,-,-,-,-,-,-,-,-,-,-,-,-,-,-,-
013222.jpg,1,2,1,2,1,1,9,9,2,1,-,-,-,-,-,-,-,-,-,-,-,-,-,-,-
013296.jpg,1,1,9,2,9,1,2,2,2,1,0,9,0,1,1,-,-,-,-,-,-,-,-,-,-
013306.jpg,1,9,9,2,1,1,1,0,1,1,1,1,1,2,1,0,9,0,1,9,-,-,-,-,-
013318.jpg,1,9,9,1,1,1,0,0,1,1,1,1,0,1,2,0,0,0,9,0,-,-,-,-,-
013325.jpg,0,9,9,1,9,1,9,9,1,1,-,-,-,-,-,-,-,-,-,-,-,-,-,-,-
013378.jpg,0,9,9,0,9,-,-,-,-,-,-,-,-,-,-,-,-,-,-,-,-,-,-,-,-
013412.jpg,1,1,2,1,1,0,1,9,1,9,-,-,-,-,-,-,-,-,-,-,-,-,-,-,-
013581.jpg,1,9,1,0,1,0,9,0,0,9,-,-,-,-,-,-,-,-,-,-,-,-,-,-,-
013593.jpg,0,9,9,0,0,-,-,-,-,-,-,-,-,-,-,-,-,-,-,-,-,-,-,-,-
013600.jpg,0,0,0,0,9,0,0,0,0,0,0,9,0,0,9,-,-,-,-,-,-,-,-,-,-
013616.jpg,0,9,9,1,9,0,9,9,0,0,0,9,0,0,9,-,-,-,-,-,-,-,-,-,-
013619.jpg,0,9,9,0,9,0,9,9,0,9,0,0,9,0,9,0,9,9,0,9,-,-,-,-,-
013647.jpg,0,0,0,0,9,0,1,0,0,2,1,1,1,1,2,0,9,9,0,0,0,0,0,0,9
013694.jpg,0,1,0,0,0,-,-,-,-,-,-,-,-,-,-,-,-,-,-,-,-,-,-,-,-
013706.jpg,0,0,0,0,0,1,9,9,0,9,0,1,9,1,9,0,0,0,0,9,-,-,-,-,-
013721.jpg,0,9,9,0,9,9,9,9,0,9,0,9,9,0,9,0,9,9,0,9,-,-,-,-,-
013804.jpg,0,0,0,0,0,0,0,9,0,0,0,1,0,0,0,-,-,-,-,-,-,-,-,-,-
013875.jpg,0,9,9,0,9,-,-,-,-,-,-,-,-,-,-,-,-,-,-,-,-,-,-,-,-
013883.jpg,0,1,0,0,0,0,0,0,0,9,-,-,-,-,-,-,-,-,-,-,-,-,-,-,-
013888.jpg,1,0,0,0,0,1,2,9,0,0,1,1,0,1,0,0,9,9,0,0,-,-,-,-,-
013939.jpg,0,9,9,0,9,9,9,9,1,9,-,-,-,-,-,-,-,-,-,-,-,-,-,-,-
013941.jpg,0,0,0,0,0,0,1,1,0,0,0,0,0,0,1,-,-,-,-,-,-,-,-,-,-
013943.jpg,1,9,9,0,9,1,9,9,1,9,-,-,-,-,-,-,-,-,-,-,-,-,-,-,-
013962.jpg,0,0,0,0,0,0,9,9,9,9,-,-,-,-,-,-,-,-,-,-,-,-,-,-,-
014045.jpg,1,9,9,2,2,1,9,9,9,9,-,-,-,-,-,-,-,-,-,-,-,-,-,-,-
014057.jpg,0,1,0,1,9,-,-,-,-,-,-,-,-,-,-,-,-,-,-,-,-,-,-,-,-
014073.jpg,1,9,9,1,0,1,2,9,1,9,9,9,9,0,9,-,-,-,-,-,-,-,-,-,-
014089.jpg,1,2,2,2,2,2,2,2,1,2,2,2,2,2,2,9,9,9,1,9,-,-,-,-,-
014130.jpg,0,0,0,0,9,0,9,0,0,9,-,-,-,-,-,-,-,-,-,-,-,-,-,-,-
014168.jpg,9,9,9,1,9,1,9,9,2,1,9,9,9,2,9,-,-,-,-,-,-,-,-,-,-
014210.jpg,9,9,9,2,9,1,9,9,9,2,9,9,9,2,9,-,-,-,-,-,-,-,-,-,-
014222.jpg,0,9,9,1,1,1,2,1,1,2,1,2,9,2,2,0,9,9,1,1,-,-,-,-,-
014233.jpg,1,9,9,1,1,1,9,9,2,9,-,-,-,-,-,-,-,-,-,-,-,-,-,-,-
014234.jpg,0,9,9,1,1,-,-,-,-,-,-,-,-,-,-,-,-,-,-,-,-,-,-,-,-
014270.jpg,2,9,9,2,1,1,1,1,2,2,1,1,1,1,1,1,1,1,1,1,-,-,-,-,-
014280.jpg,1,1,9,1,1,1,2,2,0,2,2,2,1,2,2,0,1,1,1,1,-,-,-,-,-
014315.jpg,2,9,9,1,9,2,9,9,0,9,9,9,9,0,9,-,-,-,-,-,-,-,-,-,-
014343.jpg,9,9,9,2,9,1,9,9,2,9,9,9,9,1,9,-,-,-,-,-,-,-,-,-,-
014349.jpg,0,9,9,1,1,-,-,-,-,-,-,-,-,-,-,-,-,-,-,-,-,-,-,-,-
014378.jpg,2,2,1,2,2,1,1,0,2,2,1,2,1,1,2,1,1,0,1,1,-,-,-,-,-
014490.jpg,2,2,2,1,1,2,9,9,1,1,1,9,9,1,9,-,-,-,-,-,-,-,-,-,-
014492.jpg,1,2,2,1,1,1,9,9,1,9,-,-,-,-,-,-,-,-,-,-,-,-,-,-,-
014562.jpg,0,0,0,1,1,1,1,0,1,2,0,0,0,1,1,-,-,-,-,-,-,-,-,-,-
014595.jpg,0,0,0,0,9,0,0,9,0,9,0,0,9,0,9,-,-,-,-,-,-,-,-,-,-
014601.jpg,0,9,9,0,9,0,9,9,0,9,-,-,-,-,-,-,-,-,-,-,-,-,-,-,-
014642.jpg,0,9,9,0,9,0,0,0,0,9,0,0,0,0,9,-,-,-,-,-,-,-,-,-,-
014668.jpg,9,9,9,2,9,1,2,2,2,9,1,2,9,1,9,0,9,9,9,9,-,-,-,-,-
014738.jpg,1,9,9,1,9,-,-,-,-,-,-,-,-,-,-,-,-,-,-,-,-,-,-,-,-
014742.jpg,0,9,9,1,9,1,2,2,1,9,-,-,-,-,-,-,-,-,-,-,-,-,-,-,-
014744.jpg,9,9,9,1,9,-,-,-,-,-,-,-,-,-,-,-,-,-,-,-,-,-,-,-,-
014782.jpg,0,0,0,1,0,1,9,1,9,0,0,9,9,1,2,0,1,9,0,0,-,-,-,-,-
014826.jpg,1,9,9,1,2,0,1,9,1,2,0,9,9,1,2,-,-,-,-,-,-,-,-,-,-
014832.jpg,0,9,9,0,9,-,-,-,-,-,-,-,-,-,-,-,-,-,-,-,-,-,-,-,-
014839.jpg,0,9,9,0,0,-,-,-,-,-,-,-,-,-,-,-,-,-,-,-,-,-,-,-,-
014853.jpg,2,2,9,1,1,-,-,-,-,-,-,-,-,-,-,-,-,-,-,-,-,-,-,-,-
014880.jpg,1,0,1,1,1,1,0,9,1,9,0,1,0,1,9,1,9,9,1,9,-,-,-,-,-
014890.jpg,9,9,9,1,9,-,-,-,-,-,-,-,-,-,-,-,-,-,-,-,-,-,-,-,-
014920.jpg,9,9,9,9,2,0,0,0,0,1,-,-,-,-,-,-,-,-,-,-,-,-,-,-,-
014944.jpg,1,9,9,2,2,0,9,9,1,1,-,-,-,-,-,-,-,-,-,-,-,-,-,-,-
014953.jpg,0,0,9,2,0,1,0,0,2,1,0,0,0,1,0,1,0,9,1,1,-,-,-,-,-
014980.jpg,0,9,9,0,0,0,9,9,0,0,-,-,-,-,-,-,-,-,-,-,-,-,-,-,-
014984.jpg,1,1,1,2,2,0,9,1,1,1,-,-,-,-,-,-,-,-,-,-,-,-,-,-,-
014998.jpg,1,2,1,1,2,1,9,9,2,2,-,-,-,-,-,-,-,-,-,-,-,-,-,-,-
015008.jpg,1,9,9,1,9,1,1,0,1,2,1,1,0,2,1,1,1,0,1,0,-,-,-,-,-
015015.jpg,2,1,0,1,1,-,-,-,-,-,-,-,-,-,-,-,-,-,-,-,-,-,-,-,-
015021.jpg,2,2,9,2,2,2,2,1,1,2,2,2,1,2,2,2,1,9,2,2,2,9,2,1,2
015054.jpg,1,9,9,2,1,1,9,9,1,2,-,-,-,-,-,-,-,-,-,-,-,-,-,-,-
015067.jpg,1,0,9,1,2,1,1,0,1,2,1,1,0,1,1,-,-,-,-,-,-,-,-,-,-
015083.jpg,1,1,1,1,1,0,9,9,1,1,-,-,-,-,-,-,-,-,-,-,-,-,-,-,-
015137.jpg,1,9,9,0,9,1,9,9,1,9,-,-,-,-,-,-,-,-,-,-,-,-,-,-,-
015180.jpg,0,0,0,0,0,0,9,9,9,9,-,-,-,-,-,-,-,-,-,-,-,-,-,-,-
015217.jpg,1,1,0,1,1,0,0,0,0,9,-,-,-,-,-,-,-,-,-,-,-,-,-,-,-
015270.jpg,1,1,9,2,2,1,1,0,2,2,1,1,0,1,1,-,-,-,-,-,-,-,-,-,-
015284.jpg,1,0,0,1,1,0,9,9,1,1,-,-,-,-,-,-,-,-,-,-,-,-,-,-,-
015340.jpg,2,9,9,2,9,1,9,9,1,9,1,1,0,1,1,1,1,9,1,9,-,-,-,-,-
015360.jpg,0,0,0,1,1,-,-,-,-,-,-,-,-,-,-,-,-,-,-,-,-,-,-,-,-
015369.jpg,1,1,9,0,1,1,0,1,1,2,1,0,1,1,2,0,0,0,0,0,-,-,-,-,-
015413.jpg,1,0,1,2,0,1,1,1,2,1,9,9,9,2,0,-,-,-,-,-,-,-,-,-,-
015456.jpg,2,2,2,1,0,1,1,1,1,9,1,0,9,0,9,1,9,1,1,9,-,-,-,-,-
015459.jpg,2,1,1,2,1,1,2,1,9,2,1,1,1,2,9,-,-,-,-,-,-,-,-,-,-
015466.jpg,0,0,0,0,0,1,9,9,9,9,1,1,9,1,9,0,0,0,9,9,-,-,-,-,-
015477.jpg,0,9,9,0,9,-,-,-,-,-,-,-,-,-,-,-,-,-,-,-,-,-,-,-,-
015613.jpg,1,9,9,1,1,0,9,9,9,9,-,-,-,-,-,-,-,-,-,-,-,-,-,-,-
015618.jpg,0,0,0,0,0,0,1,0,0,0,0,0,0,0,0,-,-,-,-,-,-,-,-,-,-
015691.jpg,0,0,0,0,0,0,0,0,0,9,0,0,0,9,0,-,-,-,-,-,-,-,-,-,-
015721.jpg,1,1,1,1,9,9,9,9,0,9,-,-,-,-,-,-,-,-,-,-,-,-,-,-,-
015728.jpg,1,9,9,0,9,1,9,9,0,9,9,9,9,0,9,-,-,-,-,-,-,-,-,-,-
015786.jpg,0,0,0,0,0,1,9,9,0,0,0,0,0,0,0,-,-,-,-,-,-,-,-,-,-
015897.jpg,1,1,1,0,9,0,9,1,0,9,-,-,-,-,-,-,-,-,-,-,-,-,-,-,-
015986.jpg,0,0,0,0,0,0,9,9,0,9,0,9,9,0,9,-,-,-,-,-,-,-,-,-,-
015998.jpg,0,0,0,0,0,0,1,1,0,0,0,1,0,0,0,0,0,0,0,1,0,0,0,0,0
016006.jpg,0,9,9,0,9,0,9,9,0,9,-,-,-,-,-,-,-,-,-,-,-,-,-,-,-
016010.jpg,0,9,9,0,9,0,9,9,0,9,-,-,-,-,-,-,-,-,-,-,-,-,-,-,-
016038.jpg,0,9,9,0,0,0,1,1,1,1,0,9,9,1,0,0,9,9,0,9,-,-,-,-,-
016046.jpg,0,9,0,0,0,-,-,-,-,-,-,-,-,-,-,-,-,-,-,-,-,-,-,-,-
016058.jpg,1,9,9,1,9,0,0,0,0,0,1,9,9,0,9,0,9,9,0,9,-,-,-,-,-
016072.jpg,0,9,0,0,0,-,-,-,-,-,-,-,-,-,-,-,-,-,-,-,-,-,-,-,-
016094.jpg,0,9,9,1,9,-,-,-,-,-,-,-,-,-,-,-,-,-,-,-,-,-,-,-,-
016142.jpg,0,9,9,0,9,-,-,-,-,-,-,-,-,-,-,-,-,-,-,-,-,-,-,-,-
016175.jpg,0,1,0,0,0,0,9,9,0,9,-,-,-,-,-,-,-,-,-,-,-,-,-,-,-
016185.jpg,0,9,9,0,1,-,-,-,-,-,-,-,-,-,-,-,-,-,-,-,-,-,-,-,-
016314.jpg,0,9,0,0,0,0,0,0,0,0,-,-,-,-,-,-,-,-,-,-,-,-,-,-,-
016347.jpg,1,1,0,1,1,1,1,0,2,2,0,1,0,1,1,-,-,-,-,-,-,-,-,-,-
016354.jpg,0,9,9,1,0,-,-,-,-,-,-,-,-,-,-,-,-,-,-,-,-,-,-,-,-
016399.jpg,2,9,9,2,1,2,1,1,2,1,1,0,0,1,0,0,9,9,1,9,1,9,1,1,1
016408.jpg,1,0,0,2,9,0,1,1,2,9,-,-,-,-,-,-,-,-,-,-,-,-,-,-,-
016460.jpg,1,1,1,1,9,0,9,9,1,9,-,-,-,-,-,-,-,-,-,-,-,-,-,-,-
016529.jpg,1,1,9,1,9,1,9,9,1,1,1,1,1,9,2,1,1,0,1,2,-,-,-,-,-
016618.jpg,0,9,9,1,2,-,-,-,-,-,-,-,-,-,-,-,-,-,-,-,-,-,-,-,-
016642.jpg,0,9,0,1,1,-,-,-,-,-,-,-,-,-,-,-,-,-,-,-,-,-,-,-,-
016644.jpg,1,0,0,1,1,1,1,0,1,2,1,1,1,1,1,1,1,0,1,2,1,1,9,1,1
016669.jpg,0,9,9,0,9,0,1,1,0,9,0,9,9,9,0,-,-,-,-,-,-,-,-,-,-
016691.jpg,1,1,9,1,2,1,2,2,1,2,1,2,2,2,1,9,9,9,2,1,-,-,-,-,-
016694.jpg,1,1,9,0,1,1,1,0,1,2,0,1,9,1,2,1,9,9,1,1,-,-,-,-,-
016726.jpg,0,9,0,0,1,-,-,-,-,-,-,-,-,-,-,-,-,-,-,-,-,-,-,-,-
016803.jpg,1,1,9,2,1,0,9,9,1,1,-,-,-,-,-,-,-,-,-,-,-,-,-,-,-
016810.jpg,0,0,0,0,0,-,-,-,-,-,-,-,-,-,-,-,-,-,-,-,-,-,-,-,-
016824.jpg,1,9,9,1,1,1,9,9,1,9,-,-,-,-,-,-,-,-,-,-,-,-,-,-,-
016832.jpg,0,9,9,0,0,0,9,9,0,9,0,9,9,0,0,-,-,-,-,-,-,-,-,-,-
016862.jpg,2,1,9,2,2,2,1,1,1,2,1,2,9,2,2,1,1,1,1,1,-,-,-,-,-
016936.jpg,1,9,9,2,9,1,9,9,1,9,9,9,9,1,9,-,-,-,-,-,-,-,-,-,-
016988.jpg,1,0,9,1,2,0,0,0,9,0,-,-,-,-,-,-,-,-,-,-,-,-,-,-,-
017028.jpg,1,1,0,1,1,1,1,1,1,2,-,-,-,-,-,-,-,-,-,-,-,-,-,-,-
017054.jpg,0,0,9,1,9,-,-,-,-,-,-,-,-,-,-,-,-,-,-,-,-,-,-,-,-
017060.jpg,1,1,0,1,1,-,-,-,-,-,-,-,-,-,-,-,-,-,-,-,-,-,-,-,-
017083.jpg,0,0,0,0,0,0,0,0,0,0,0,9,0,0,0,-,-,-,-,-,-,-,-,-,-
017091.jpg,1,9,9,1,9,0,9,9,9,9,-,-,-,-,-,-,-,-,-,-,-,-,-,-,-
017103.jpg,9,9,9,2,9,-,-,-,-,-,-,-,-,-,-,-,-,-,-,-,-,-,-,-,-
017113.jpg,0,9,9,1,1,1,9,1,2,2,0,1,1,1,1,0,0,0,9,1,-,-,-,-,-
017165.jpg,9,9,9,2,2,-,-,-,-,-,-,-,-,-,-,-,-,-,-,-,-,-,-,-,-
017170.jpg,1,1,1,1,1,1,9,9,1,9,-,-,-,-,-,-,-,-,-,-,-,-,-,-,-
017193.jpg,1,0,9,2,1,1,9,1,1,0,-,-,-,-,-,-,-,-,-,-,-,-,-,-,-
017204.jpg,1,2,9,2,1,1,1,0,1,1,1,2,0,1,1,0,0,0,1,9,-,-,-,-,-
017215.jpg,1,2,2,2,1,1,1,1,1,1,1,1,9,2,9,-,-,-,-,-,-,-,-,-,-
017217.jpg,1,9,9,1,1,-,-,-,-,-,-,-,-,-,-,-,-,-,-,-,-,-,-,-,-
017229.jpg,0,9,9,0,9,0,9,9,0,9,-,-,-,-,-,-,-,-,-,-,-,-,-,-,-
017312.jpg,0,0,9,1,9,0,1,0,0,9,0,9,9,0,0,-,-,-,-,-,-,-,-,-,-
017338.jpg,1,9,9,2,9,1,1,0,1,9,0,1,0,1,9,-,-,-,-,-,-,-,-,-,-
017342.jpg,0,9,9,0,9,1,1,1,1,1,0,9,9,1,1,-,-,-,-,-,-,-,-,-,-
017396.jpg,0,9,9,0,9,9,9,9,0,9,-,-,-,-,-,-,-,-,-,-,-,-,-,-,-
017405.jpg,0,9,9,1,2,1,1,1,1,2,0,0,0,0,1,-,-,-,-,-,-,-,-,-,-
017417.jpg,1,9,2,1,1,0,9,9,1,1,-,-,-,-,-,-,-,-,-,-,-,-,-,-,-
017430.jpg,0,0,9,1,2,1,1,0,1,2,0,0,0,0,1,-,-,-,-,-,-,-,-,-,-
017454.jpg,1,9,9,2,9,0,9,9,9,9,-,-,-,-,-,-,-,-,-,-,-,-,-,-,-
017461.jpg,0,9,9,1,9,-,-,-,-,-,-,-,-,-,-,-,-,-,-,-,-,-,-,-,-
017543.jpg,9,9,9,0,9,-,-,-,-,-,-,-,-,-,-,-,-,-,-,-,-,-,-,-,-
017655.jpg,0,9,9,0,9,-,-,-,-,-,-,-,-,-,-,-,-,-,-,-,-,-,-,-,-
017659.jpg,0,0,0,0,0,0,2,1,0,9,0,0,0,0,0,0,0,0,0,9,-,-,-,-,-
017681.jpg,1,1,1,1,2,0,0,0,1,1,-,-,-,-,-,-,-,-,-,-,-,-,-,-,-
017709.jpg,1,0,0,1,1,1,2,1,1,2,1,1,1,2,2,0,9,9,1,1,-,-,-,-,-
017806.jpg,0,0,9,1,1,1,1,0,1,2,0,0,0,1,1,-,-,-,-,-,-,-,-,-,-
017833.jpg,0,1,9,1,9,-,-,-,-,-,-,-,-,-,-,-,-,-,-,-,-,-,-,-,-
017861.jpg,2,1,0,1,2,2,2,0,1,2,2,2,0,1,2,1,9,9,1,2,-,-,-,-,-
017879.jpg,2,1,9,2,1,0,0,1,0,1,1,2,1,1,1,0,1,1,1,0,-,-,-,-,-
018220.jpg,0,1,0,0,0,0,0,0,0,0,-,-,-,-,-,-,-,-,-,-,-,-,-,-,-
018222.jpg,0,0,0,0,1,0,0,0,0,1,0,0,0,0,0,0,0,0,0,0,-,-,-,-,-
018245.jpg,9,9,9,0,9,-,-,-,-,-,-,-,-,-,-,-,-,-,-,-,-,-,-,-,-
021515.jpg,0,0,0,0,0,0,0,0,0,0,0,1,0,0,0,0,1,0,0,1,-,-,-,-,-
021516.jpg,1,0,0,1,1,1,2,2,2,2,1,1,9,1,1,1,2,2,2,1,-,-,-,-,-
021517.jpg,0,0,0,0,0,0,1,1,1,0,0,1,1,1,0,0,2,2,2,2,-,-,-,-,-
021518.jpg,0,1,0,1,1,0,0,0,1,1,0,1,0,0,0,0,1,1,0,0,-,-,-,-,-
021519.jpg,0,0,0,1,0,0,1,1,1,9,0,1,1,0,0,0,9,9,1,1,-,-,-,-,-
021520.jpg,0,1,1,1,1,0,1,1,1,1,0,1,0,1,1,0,1,0,1,1,-,-,-,-,-
021521.jpg,0,0,0,0,1,0,1,1,0,9,0,1,0,0,0,0,1,0,0,1,-,-,-,-,-
021522.jpg,0,1,0,1,1,0,2,2,1,1,0,1,1,0,0,0,1,0,0,0,-,-,-,-,-
021523.jpg,0,1,0,1,0,0,1,1,1,1,0,1,0,0,0,0,0,0,0,1,-,-,-,-,-
021524.jpg,0,0,0,0,0,1,1,1,1,1,0,1,1,1,0,1,9,9,1,0,-,-,-,-,-
021525.jpg,0,1,0,1,0,0,0,0,0,0,0,1,1,0,0,0,0,1,0,0,-,-,-,-,-
021526.jpg,0,0,0,1,0,0,0,0,0,0,0,1,0,0,0,0,1,0,1,0,-,-,-,-,-
021527.jpg,1,0,0,1,1,0,0,0,0,0,1,1,0,1,1,1,2,9,2,2,-,-,-,-,-
021528.jpg,0,0,0,0,0,0,0,0,0,0,0,1,0,1,0,0,1,1,2,0,-,-,-,-,-
021529.jpg,1,0,0,0,1,0,0,0,0,0,0,1,0,1,1,0,1,2,2,2,-,-,-,-,-
021530.jpg,0,1,0,1,1,0,0,0,1,0,0,1,1,2,1,0,1,0,2,1,-,-,-,-,-
021531.jpg,1,1,1,1,1,1,1,1,1,1,2,2,1,2,2,2,2,1,2,1,-,-,-,-,-
021532.jpg,0,1,1,1,1,0,1,1,1,0,0,1,0,1,0,9,2,9,2,2,-,-,-,-,-
021533.jpg,0,1,0,1,1,0,1,1,1,0,0,1,0,2,1,0,1,9,2,1,-,-,-,-,-
021534.jpg,0,0,0,0,0,0,0,0,0,0,0,1,0,1,1,0,1,0,1,0,-,-,-,-,-
021535.jpg,0,0,0,0,0,0,0,0,0,0,0,0,0,0,0,0,0,9,1,0,-,-,-,-,-
021536.jpg,0,0,0,0,0,0,0,0,0,0,0,1,1,0,0,0,0,0,0,0,-,-,-,-,-
021537.jpg,1,1,0,0,1,0,0,0,1,0,1,2,2,2,1,1,9,9,1,1,-,-,-,-,-
021538.jpg,0,0,0,0,0,0,0,0,0,0,0,2,1,0,0,0,0,0,0,0,-,-,-,-,-
021539.jpg,1,1,1,1,1,0,0,0,1,0,1,2,2,2,2,1,0,0,2,1,-,-,-,-,-
021540.jpg,1,1,0,1,1,0,0,0,1,0,0,1,1,1,1,0,0,0,1,1,-,-,-,-,-
021541.jpg,0,0,0,0,0,0,0,0,0,0,0,2,1,1,9,0,0,0,0,9,-,-,-,-,-
021542.jpg,1,0,0,1,1,1,1,1,0,0,2,2,1,1,2,1,1,0,1,1,-,-,-,-,-
021543.jpg,0,1,0,1,0,0,0,0,1,0,0,1,0,0,0,0,0,0,1,0,-,-,-,-,-
021544.jpg,0,0,0,0,0,0,0,0,0,0,0,1,1,0,0,0,0,0,0,0,-,-,-,-,-
021545.jpg,0,0,0,1,0,0,0,0,1,0,1,1,1,1,9,1,0,0,1,0,-,-,-,-,-
021546.jpg,0,1,0,1,1,0,0,0,0,0,0,1,1,1,2,0,9,0,9,9,-,-,-,-,-
021547.jpg,1,0,0,0,0,0,0,0,0,0,1,2,1,2,2,1,1,0,1,1,-,-,-,-,-
021548.jpg,2,1,1,1,1,2,1,1,0,0,2,2,1,1,1,1,0,0,1,1,-,-,-,-,-
021549.jpg,0,0,0,0,0,0,0,0,0,0,1,1,2,0,0,1,0,0,1,1,-,-,-,-,-
021550.jpg,1,1,0,1,1,1,1,1,1,1,1,1,2,1,1,1,1,9,1,1,-,-,-,-,-
021551.jpg,1,0,0,1,1,1,1,1,1,1,1,2,2,2,1,1,1,0,2,1,-,-,-,-,-
021552.jpg,0,0,0,0,0,0,0,0,0,0,0,1,0,0,0,0,0,0,0,0,-,-,-,-,-
021553.jpg,1,1,0,1,1,1,1,1,1,1,0,1,0,1,2,1,2,9,1,1,-,-,-,-,-
021554.jpg,0,1,0,0,0,0,1,1,0,0,0,2,1,1,9,1,2,1,2,2,-,-,-,-,-
021555.jpg,0,0,0,0,0,0,0,0,0,0,0,1,0,0,0,0,1,2,1,0,-,-,-,-,-
021556.jpg,0,0,0,1,0,0,0,0,0,0,0,1,1,0,0,0,1,1,1,0,-,-,-,-,-
021557.jpg,0,0,0,0,0,0,0,0,0,0,0,1,1,0,0,0,1,0,0,1,-,-,-,-,-
021558.jpg,0,1,0,1,0,0,0,0,0,0,-,-,-,-,-,-,-,-,-,-,-,-,-,-,-
021559.jpg,1,1,1,1,1,1,1,1,1,1,1,1,1,1,1,1,2,1,1,2,-,-,-,-,-
021560.jpg,1,1,0,1,0,0,0,0,0,0,0,0,0,0,0,0,0,0,0,0,-,-,-,-,-
021561.jpg,0,1,1,1,1,0,1,1,1,0,0,1,0,1,1,1,1,1,2,1,-,-,-,-,-
021562.jpg,0,0,0,0,0,0,0,0,0,0,0,1,1,0,0,0,1,1,0,0,-,-,-,-,-
021563.jpg,1,0,0,1,1,0,1,1,1,0,0,1,0,1,1,0,2,9,1,2,-,-,-,-,-
021564.jpg,0,1,1,1,1,0,0,0,0,0,0,1,0,0,0,0,1,1,0,1,-,-,-,-,-
021565.jpg,1,1,1,1,1,1,1,1,1,1,1,2,1,1,1,1,1,0,2,1,-,-,-,-,-
021566.jpg,1,1,1,1,2,1,2,2,1,2,2,2,1,2,2,2,1,2,1,1,-,-,-,-,-
021567.jpg,1,1,1,1,1,0,0,0,0,0,1,1,1,1,1,1,1,2,2,2,-,-,-,-,-
021568.jpg,0,0,2,1,2,0,0,0,0,0,1,2,1,2,2,1,1,0,1,1,-,-,-,-,-
021569.jpg,1,1,1,1,1,0,0,0,0,0,0,0,0,1,1,0,1,0,1,1,-,-,-,-,-
021570.jpg,0,0,0,0,0,0,0,0,0,0,0,1,1,0,9,0,9,9,0,9,-,-,-,-,-
021571.jpg,0,0,0,0,0,0,0,0,0,0,0,1,0,0,0,0,0,0,0,0,-,-,-,-,-
021572.jpg,0,0,0,0,0,0,0,0,0,0,0,0,0,0,0,0,0,0,1,0,-,-,-,-,-
021573.jpg,1,2,1,1,1,1,1,1,1,0,2,2,2,2,2,1,0,0,2,1,-,-,-,-,-
021574.jpg,0,0,0,0,0,0,0,0,0,0,0,1,0,0,0,0,0,0,0,0,-,-,-,-,-
021575.jpg,0,0,0,0,0,0,0,0,0,0,0,1,0,0,0,0,0,0,0,0,-,-,-,-,-
021576.jpg,0,0,0,0,0,0,0,0,0,0,0,1,1,0,0,0,0,0,1,0,-,-,-,-,-
021577.jpg,1,1,0,0,0,0,0,0,0,0,1,2,1,1,0,0,0,0,0,0,-,-,-,-,-
021578.jpg,1,1,0,0,0,0,0,0,0,0,1,1,1,0,1,9,1,1,0,0,-,-,-,-,-
021579.jpg,0,0,0,1,0,0,0,0,0,0,0,1,0,0,0,0,9,9,1,0,-,-,-,-,-
021580.jpg,0,0,0,0,0,0,0,0,0,0,0,2,1,1,1,1,9,9,2,2,-,-,-,-,-
021581.jpg,0,0,0,0,0,0,0,0,0,0,0,1,0,1,0,0,1,1,2,2,-,-,-,-,-
021582.jpg,1,1,1,1,1,0,0,0,1,0,1,2,1,2,1,1,1,9,1,1,-,-,-,-,-
021583.jpg,1,2,1,1,1,0,0,0,0,0,2,2,2,1,2,1,9,9,1,1,-,-,-,-,-
021584.jpg,0,0,0,0,0,0,0,0,0,0,0,1,0,0,0,0,0,0,0,0,-,-,-,-,-
021585.jpg,0,0,0,0,0,0,0,0,0,0,0,1,0,0,0,0,0,0,0,0,-,-,-,-,-
021586.jpg,0,0,0,0,0,0,0,0,0,0,0,0,0,0,0,0,0,0,9,1,-,-,-,-,-
021587.jpg,1,1,0,1,1,0,0,0,0,0,2,2,1,2,2,1,9,9,1,1,-,-,-,-,-
021588.jpg,1,1,1,1,1,1,1,1,0,1,2,2,1,1,1,1,1,0,1,0,-,-,-,-,-
021617.jpg,0,9,0,0,0,0,0,0,9,9,-,-,-,-,-,-,-,-,-,-,-,-,-,-,-
021659.jpg,0,9,9,1,0,0,0,0,1,0,0,1,1,0,0,0,9,0,2,0,0,9,0,9,0
021697.jpg,0,0,9,0,0,0,0,0,0,0,0,0,0,0,1,0,0,0,0,0,-,-,-,-,-
021786.jpg,1,9,9,1,1,1,1,9,1,9,-,-,-,-,-,-,-,-,-,-,-,-,-,-,-
021803.jpg,1,1,1,1,2,0,9,1,2,1,-,-,-,-,-,-,-,-,-,-,-,-,-,-,-
021810.jpg,1,0,0,0,9,1,9,9,1,1,0,0,9,0,9,0,0,9,9,9,-,-,-,-,-
021860.jpg,2,1,9,2,2,1,1,0,1,1,-,-,-,-,-,-,-,-,-,-,-,-,-,-,-
021885.jpg,1,1,9,1,1,1,0,0,2,2,0,0,0,1,1,-,-,-,-,-,-,-,-,-,-
021905.jpg,0,0,0,0,0,-,-,-,-,-,-,-,-,-,-,-,-,-,-,-,-,-,-,-,-
021921.jpg,0,9,9,0,0,0,0,1,0,0,0,0,0,0,0,-,-,-,-,-,-,-,-,-,-
022042.jpg,0,9,9,0,0,0,9,9,0,0,-,-,-,-,-,-,-,-,-,-,-,-,-,-,-
022187.jpg,1,9,9,1,0,0,9,9,1,0,-,-,-,-,-,-,-,-,-,-,-,-,-,-,-
022194.jpg,2,9,9,2,2,1,9,1,1,1,1,1,1,1,1,1,1,1,1,1,-,-,-,-,-
022251.jpg,1,9,9,1,9,9,9,9,0,9,0,9,9,0,9,-,-,-,-,-,-,-,-,-,-
022318.jpg,0,0,0,1,0,0,9,9,0,9,-,-,-,-,-,-,-,-,-,-,-,-,-,-,-
022322.jpg,9,9,9,0,9,9,9,9,0,9,9,9,9,0,9,-,-,-,-,-,-,-,-,-,-
022330.jpg,9,9,9,0,9,9,9,9,0,9,-,-,-,-,-,-,-,-,-,-,-,-,-,-,-
022358.jpg,1,9,0,0,9,-,-,-,-,-,-,-,-,-,-,-,-,-,-,-,-,-,-,-,-
022362.jpg,1,1,1,0,1,1,0,9,0,9,1,9,9,0,9,0,0,0,0,9,-,-,-,-,-
022397.jpg,1,9,9,1,9,0,9,0,0,9,1,9,9,0,9,-,-,-,-,-,-,-,-,-,-
022451.jpg,0,0,0,0,9,-,-,-,-,-,-,-,-,-,-,-,-,-,-,-,-,-,-,-,-
022467.jpg,1,9,9,0,0,0,9,0,0,0,-,-,-,-,-,-,-,-,-,-,-,-,-,-,-
022492.jpg,0,0,0,0,0,0,0,0,1,0,0,9,0,1,0,0,0,0,0,0,-,-,-,-,-
022503.jpg,0,1,9,0,0,0,0,1,0,9,0,9,0,0,0,-,-,-,-,-,-,-,-,-,-
022504.jpg,9,9,9,0,9,0,9,9,0,9,0,9,9,0,9,-,-,-,-,-,-,-,-,-,-
022580.jpg,0,1,9,2,2,1,2,2,2,2,0,9,1,2,1,-,-,-,-,-,-,-,-,-,-
022636.jpg,1,9,9,2,9,0,1,0,1,9,-,-,-,-,-,-,-,-,-,-,-,-,-,-,-
022689.jpg,0,0,9,1,0,0,0,0,1,0,0,0,0,1,0,-,-,-,-,-,-,-,-,-,-
022717.jpg,0,9,9,9,9,-,-,-,-,-,-,-,-,-,-,-,-,-,-,-,-,-,-,-,-
022718.jpg,9,9,9,0,9,-,-,-,-,-,-,-,-,-,-,-,-,-,-,-,-,-,-,-,-
022827.jpg,0,9,9,0,9,9,9,9,0,9,-,-,-,-,-,-,-,-,-,-,-,-,-,-,-
022838.jpg,1,9,9,1,9,0,9,9,1,9,-,-,-,-,-,-,-,-,-,-,-,-,-,-,-
022901.jpg,1,1,1,0,9,1,1,0,0,1,2,1,1,1,2,1,9,9,0,9,9,9,9,0,9
022929.jpg,0,9,0,0,1,-,-,-,-,-,-,-,-,-,-,-,-,-,-,-,-,-,-,-,-
022937.jpg,1,1,1,1,1,9,9,1,2,1,-,-,-,-,-,-,-,-,-,-,-,-,-,-,-
022948.jpg,0,9,9,1,0,-,-,-,-,-,-,-,-,-,-,-,-,-,-,-,-,-,-,-,-
023000.jpg,0,9,9,0,0,0,9,9,0,0,0,9,9,0,0,-,-,-,-,-,-,-,-,-,-
023016.jpg,1,9,9,2,2,-,-,-,-,-,-,-,-,-,-,-,-,-,-,-,-,-,-,-,-
023079.jpg,0,0,0,0,0,0,0,0,0,0,0,0,0,0,0,0,0,0,0,0,-,-,-,-,-
023119.jpg,1,9,9,2,1,-,-,-,-,-,-,-,-,-,-,-,-,-,-,-,-,-,-,-,-
023147.jpg,2,9,9,2,1,-,-,-,-,-,-,-,-,-,-,-,-,-,-,-,-,-,-,-,-
023149.jpg,2,1,1,2,2,1,2,9,1,1,1,9,0,1,0,-,-,-,-,-,-,-,-,-,-
023205.jpg,1,9,9,1,0,1,9,9,0,0,0,9,9,0,9,-,-,-,-,-,-,-,-,-,-
023282.jpg,9,9,9,0,9,9,9,9,0,9,-,-,-,-,-,-,-,-,-,-,-,-,-,-,-
023297.jpg,1,9,9,1,1,0,9,9,1,9,-,-,-,-,-,-,-,-,-,-,-,-,-,-,-
023316.jpg,0,9,9,0,9,-,-,-,-,-,-,-,-,-,-,-,-,-,-,-,-,-,-,-,-
023393.jpg,0,9,2,1,9,0,0,0,0,2,0,9,0,0,9,-,-,-,-,-,-,-,-,-,-
023431.jpg,0,9,9,1,9,1,9,9,1,1,0,9,9,9,9,-,-,-,-,-,-,-,-,-,-
023487.jpg,2,9,9,2,2,2,0,1,1,2,1,9,9,1,9,-,-,-,-,-,-,-,-,-,-
023524.jpg,0,0,9,1,9,1,9,9,1,1,0,9,9,9,9,-,-,-,-,-,-,-,-,-,-
023530.jpg,0,9,9,0,9,-,-,-,-,-,-,-,-,-,-,-,-,-,-,-,-,-,-,-,-
023651.jpg,9,2,2,2,9,1,1,1,2,9,9,1,0,1,9,-,-,-,-,-,-,-,-,-,-
023659.jpg,1,2,1,2,2,1,2,2,2,1,1,1,0,0,1,0,9,1,1,0,-,-,-,-,-
023701.jpg,0,0,0,0,0,0,1,0,0,0,0,9,1,0,9,-,-,-,-,-,-,-,-,-,-
023708.jpg,9,9,9,1,9,1,2,9,2,9,-,-,-,-,-,-,-,-,-,-,-,-,-,-,-
023776.jpg,1,1,9,1,2,1,9,0,1,1,1,9,1,1,0,-,-,-,-,-,-,-,-,-,-
023840.jpg,1,9,0,1,9,-,-,-,-,-,-,-,-,-,-,-,-,-,-,-,-,-,-,-,-
023843.jpg,0,9,9,1,1,-,-,-,-,-,-,-,-,-,-,-,-,-,-,-,-,-,-,-,-
023857.jpg,1,9,9,0,2,1,0,0,2,1,0,1,0,0,1,-,-,-,-,-,-,-,-,-,-
023859.jpg,0,0,0,1,1,1,0,0,1,1,0,0,9,0,0,-,-,-,-,-,-,-,-,-,-
023872.jpg,2,1,9,2,2,2,1,1,1,2,2,2,1,1,2,2,9,1,2,2,-,-,-,-,-
023925.jpg,2,9,9,1,9,1,9,9,2,9,-,-,-,-,-,-,-,-,-,-,-,-,-,-,-
023995.jpg,9,9,9,1,9,-,-,-,-,-,-,-,-,-,-,-,-,-,-,-,-,-,-,-,-
024103.jpg,9,9,9,0,9,-,-,-,-,-,-,-,-,-,-,-,-,-,-,-,-,-,-,-,-
024119.jpg,1,2,2,2,9,1,2,2,1,2,0,1,0,1,9,-,-,-,-,-,-,-,-,-,-
024156.jpg,1,1,9,2,2,2,1,0,1,2,1,1,1,1,2,1,9,9,1,1,-,-,-,-,-
024158.jpg,1,9,9,1,1,0,9,0,1,1,-,-,-,-,-,-,-,-,-,-,-,-,-,-,-
024202.jpg,0,9,9,0,9,-,-,-,-,-,-,-,-,-,-,-,-,-,-,-,-,-,-,-,-
024278.jpg,1,9,1,1,1,-,-,-,-,-,-,-,-,-,-,-,-,-,-,-,-,-,-,-,-
024285.jpg,1,9,9,2,0,2,2,2,1,1,9,9,9,1,0,-,-,-,-,-,-,-,-,-,-
024355.jpg,1,1,9,1,1,-,-,-,-,-,-,-,-,-,-,-,-,-,-,-,-,-,-,-,-
024361.jpg,2,2,1,2,2,2,2,2,2,2,2,1,0,2,2,-,-,-,-,-,-,-,-,-,-
024367.jpg,2,2,9,0,9,2,2,9,1,9,-,-,-,-,-,-,-,-,-,-,-,-,-,-,-
024448.jpg,0,0,0,0,0,0,0,0,0,1,1,1,0,0,0,0,0,0,9,0,-,-,-,-,-
024480.jpg,0,0,0,0,0,1,9,9,1,9,0,9,9,0,9,-,-,-,-,-,-,-,-,-,-
024486.jpg,0,0,0,1,1,0,0,0,0,0,-,-,-,-,-,-,-,-,-,-,-,-,-,-,-
024490.jpg,9,9,9,0,9,-,-,-,-,-,-,-,-,-,-,-,-,-,-,-,-,-,-,-,-
024551.jpg,0,9,9,0,9,0,9,9,0,9,0,9,0,0,9,-,-,-,-,-,-,-,-,-,-
024652.jpg,9,9,9,0,0,9,9,9,0,0,-,-,-,-,-,-,-,-,-,-,-,-,-,-,-
024680.jpg,0,9,9,0,9,0,0,9,0,9,0,9,9,0,0,0,9,9,0,9,-,-,-,-,-
024720.jpg,0,9,0,0,9,-,-,-,-,-,-,-,-,-,-,-,-,-,-,-,-,-,-,-,-
024762.jpg,0,9,9,1,9,0,1,0,1,1,0,9,0,1,9,-,-,-,-,-,-,-,-,-,-
024768.jpg,0,9,9,0,9,-,-,-,-,-,-,-,-,-,-,-,-,-,-,-,-,-,-,-,-
024827.jpg,0,0,0,0,0,1,9,0,0,0,-,-,-,-,-,-,-,-,-,-,-,-,-,-,-
024829.jpg,0,9,9,0,9,0,9,9,0,9,-,-,-,-,-,-,-,-,-,-,-,-,-,-,-
024855.jpg,2,9,9,2,9,1,9,2,2,1,9,9,9,1,9,-,-,-,-,-,-,-,-,-,-
024863.jpg,2,1,9,2,2,2,9,9,2,2,2,9,9,2,1,2,9,9,1,2,-,-,-,-,-
024868.jpg,2,1,9,1,1,1,1,0,1,2,1,1,9,1,1,-,-,-,-,-,-,-,-,-,-
024894.jpg,0,0,9,0,9,0,0,0,9,9,0,9,9,0,0,0,9,9,9,9,-,-,-,-,-
024899.jpg,0,9,9,1,1,-,-,-,-,-,-,-,-,-,-,-,-,-,-,-,-,-,-,-,-
025007.jpg,2,1,1,1,2,2,2,0,1,1,2,1,9,1,2,-,-,-,-,-,-,-,-,-,-
025033.jpg,0,1,9,1,9,0,9,9,0,9,0,9,1,0,9,-,-,-,-,-,-,-,-,-,-
025039.jpg,0,9,9,1,9,-,-,-,-,-,-,-,-,-,-,-,-,-,-,-,-,-,-,-,-
025055.jpg,2,2,2,2,9,1,9,1,2,9,-,-,-,-,-,-,-,-,-,-,-,-,-,-,-
025133.jpg,2,9,9,1,1,2,1,1,2,2,2,2,2,1,2,0,9,9,2,2,-,-,-,-,-
025137.jpg,2,1,1,1,1,1,1,9,2,1,1,2,2,1,2,2,1,9,2,1,-,-,-,-,-
025165.jpg,0,0,0,0,9,-,-,-,-,-,-,-,-,-,-,-,-,-,-,-,-,-,-,-,-
025166.jpg,1,0,0,1,1,1,0,0,0,1,-,-,-,-,-,-,-,-,-,-,-,-,-,-,-
025181.jpg,1,1,1,1,1,1,1,1,1,1,0,9,0,1,9,-,-,-,-,-,-,-,-,-,-
025208.jpg,9,9,9,1,9,1,9,9,2,9,-,-,-,-,-,-,-,-,-,-,-,-,-,-,-
025229.jpg,1,1,0,1,1,0,0,0,0,9,-,-,-,-,-,-,-,-,-,-,-,-,-,-,-
025265.jpg,0,0,0,0,1,1,1,1,1,1,0,9,0,1,1,-,-,-,-,-,-,-,-,-,-
025269.jpg,0,9,9,1,9,9,9,9,2,1,0,0,9,9,9,-,-,-,-,-,-,-,-,-,-
025277.jpg,1,1,1,2,1,0,9,9,9,9,-,-,-,-,-,-,-,-,-,-,-,-,-,-,-
025318.jpg,2,1,1,2,0,1,1,1,1,0,1,2,0,2,9,-,-,-,-,-,-,-,-,-,-
025339.jpg,2,9,9,1,9,2,1,9,1,9,-,-,-,-,-,-,-,-,-,-,-,-,-,-,-
025409.jpg,2,1,0,2,1,-,-,-,-,-,-,-,-,-,-,-,-,-,-,-,-,-,-,-,-
025412.jpg,2,9,0,2,1,-,-,-,-,-,-,-,-,-,-,-,-,-,-,-,-,-,-,-,-
025413.jpg,1,9,9,1,1,2,9,9,2,2,-,-,-,-,-,-,-,-,-,-,-,-,-,-,-
025485.jpg,0,9,9,1,9,-,-,-,-,-,-,-,-,-,-,-,-,-,-,-,-,-,-,-,-
025544.jpg,2,2,2,2,9,1,1,9,1,9,1,9,9,1,9,-,-,-,-,-,-,-,-,-,-
025554.jpg,0,0,9,2,2,1,9,9,1,2,0,9,9,0,9,-,-,-,-,-,-,-,-,-,-
025556.jpg,1,9,9,1,2,-,-,-,-,-,-,-,-,-,-,-,-,-,-,-,-,-,-,-,-
025572.jpg,1,0,1,1,1,0,0,0,9,9,-,-,-,-,-,-,-,-,-,-,-,-,-,-,-
025689.jpg,1,9,9,1,9,9,9,9,9,2,-,-,-,-,-,-,-,-,-,-,-,-,-,-,-
025717.jpg,0,9,9,1,0,-,-,-,-,-,-,-,-,-,-,-,-,-,-,-,-,-,-,-,-
025744.jpg,2,9,9,1,1,2,9,9,2,9,-,-,-,-,-,-,-,-,-,-,-,-,-,-,-
025790.jpg,0,9,9,0,9,-,-,-,-,-,-,-,-,-,-,-,-,-,-,-,-,-,-,-,-
025793.jpg,0,9,9,1,1,-,-,-,-,-,-,-,-,-,-,-,-,-,-,-,-,-,-,-,-
025799.jpg,9,9,9,1,9,-,-,-,-,-,-,-,-,-,-,-,-,-,-,-,-,-,-,-,-
025832.jpg,9,9,9,2,9,-,-,-,-,-,-,-,-,-,-,-,-,-,-,-,-,-,-,-,-
025841.jpg,0,9,0,1,0,-,-,-,-,-,-,-,-,-,-,-,-,-,-,-,-,-,-,-,-
025842.jpg,1,0,1,1,1,0,0,0,0,0,-,-,-,-,-,-,-,-,-,-,-,-,-,-,-
025862.jpg,0,9,9,0,0,-,-,-,-,-,-,-,-,-,-,-,-,-,-,-,-,-,-,-,-
025919.jpg,1,1,1,2,0,0,1,1,1,0,-,-,-,-,-,-,-,-,-,-,-,-,-,-,-
025926.jpg,0,9,9,1,1,-,-,-,-,-,-,-,-,-,-,-,-,-,-,-,-,-,-,-,-
025983.jpg,0,9,9,1,1,1,1,1,1,1,0,0,0,0,9,-,-,-,-,-,-,-,-,-,-
025989.jpg,1,1,0,1,1,0,0,9,9,9,-,-,-,-,-,-,-,-,-,-,-,-,-,-,-
026013.jpg,0,9,9,1,9,-,-,-,-,-,-,-,-,-,-,-,-,-,-,-,-,-,-,-,-
026017.jpg,1,1,0,1,2,-,-,-,-,-,-,-,-,-,-,-,-,-,-,-,-,-,-,-,-
026021.jpg,0,9,9,1,9,-,-,-,-,-,-,-,-,-,-,-,-,-,-,-,-,-,-,-,-
026053.jpg,0,9,9,9,0,0,9,9,9,0,-,-,-,-,-,-,-,-,-,-,-,-,-,-,-
026083.jpg,0,1,0,1,1,0,1,1,1,0,0,1,0,1,1,0,0,9,0,9,-,-,-,-,-
026152.jpg,1,0,0,1,1,0,9,9,1,9,-,-,-,-,-,-,-,-,-,-,-,-,-,-,-
026208.jpg,0,9,0,0,0,-,-,-,-,-,-,-,-,-,-,-,-,-,-,-,-,-,-,-,-
026218.jpg,0,9,9,0,9,-,-,-,-,-,-,-,-,-,-,-,-,-,-,-,-,-,-,-,-
026232.jpg,0,1,0,1,0,0,0,1,0,0,0,9,9,0,1,-,-,-,-,-,-,-,-,-,-
026274.jpg,0,9,9,0,9,0,9,9,0,9,-,-,-,-,-,-,-,-,-,-,-,-,-,-,-
026287.jpg,2,1,9,2,2,2,2,2,1,9,9,9,9,1,9,-,-,-,-,-,-,-,-,-,-
026418.jpg,0,0,0,0,0,0,9,9,0,0,0,9,9,0,0,-,-,-,-,-,-,-,-,-,-
026435.jpg,0,9,9,0,1,9,9,9,0,1,-,-,-,-,-,-,-,-,-,-,-,-,-,-,-
026450.jpg,0,1,0,0,9,0,9,0,0,9,0,0,0,0,9,-,-,-,-,-,-,-,-,-,-
026455.jpg,0,0,0,0,0,0,9,9,0,9,0,9,0,0,9,-,-,-,-,-,-,-,-,-,-
026632.jpg,1,2,1,1,9,0,9,0,1,9,-,-,-,-,-,-,-,-,-,-,-,-,-,-,-
026647.jpg,0,9,9,2,9,0,2,2,2,2,0,9,9,1,9,0,9,9,2,9,-,-,-,-,-
026666.jpg,0,1,0,0,0,0,9,9,0,9,-,-,-,-,-,-,-,-,-,-,-,-,-,-,-
026700.jpg,0,9,9,1,9,-,-,-,-,-,-,-,-,-,-,-,-,-,-,-,-,-,-,-,-
026715.jpg,1,9,9,2,1,9,9,9,2,9,-,-,-,-,-,-,-,-,-,-,-,-,-,-,-
026716.jpg,9,9,9,2,9,2,9,9,2,9,9,9,9,1,9,-,-,-,-,-,-,-,-,-,-
026746.jpg,1,9,9,0,9,0,9,0,9,9,-,-,-,-,-,-,-,-,-,-,-,-,-,-,-
026794.jpg,1,9,9,2,9,0,0,0,0,0,9,9,9,1,9,-,-,-,-,-,-,-,-,-,-
026828.jpg,1,1,1,2,0,1,1,1,2,2,0,1,9,1,1,-,-,-,-,-,-,-,-,-,-
026846.jpg,0,0,0,0,1,1,0,0,1,2,0,0,0,0,1,1,0,9,1,0,-,-,-,-,-
026855.jpg,0,0,0,1,1,0,0,0,1,1,0,1,0,1,2,0,0,0,0,1,-,-,-,-,-
026857.jpg,1,9,9,2,1,0,1,9,0,1,0,9,9,1,1,-,-,-,-,-,-,-,-,-,-
026864.jpg,1,2,1,2,1,-,-,-,-,-,-,-,-,-,-,-,-,-,-,-,-,-,-,-,-
026884.jpg,0,9,0,0,0,-,-,-,-,-,-,-,-,-,-,-,-,-,-,-,-,-,-,-,-
026902.jpg,1,9,9,1,2,1,1,9,1,1,-,-,-,-,-,-,-,-,-,-,-,-,-,-,-
026907.jpg,1,0,0,1,2,1,1,0,1,2,1,1,1,1,2,1,0,0,0,1,-,-,-,-,-
026919.jpg,2,2,2,2,9,1,9,9,9,2,1,9,9,1,9,-,-,-,-,-,-,-,-,-,-
027126.jpg,1,1,0,1,1,1,1,0,9,1,-,-,-,-,-,-,-,-,-,-,-,-,-,-,-
027152.jpg,9,9,9,0,9,9,9,9,0,9,-,-,-,-,-,-,-,-,-,-,-,-,-,-,-
027216.jpg,0,0,0,1,0,1,0,0,1,1,0,9,0,2,9,-,-,-,-,-,-,-,-,-,-
027222.jpg,0,0,0,0,0,0,0,0,0,9,-,-,-,-,-,-,-,-,-,-,-,-,-,-,-
027241.jpg,1,1,1,1,1,0,0,0,0,0,-,-,-,-,-,-,-,-,-,-,-,-,-,-,-
027317.jpg,0,9,9,0,9,-,-,-,-,-,-,-,-,-,-,-,-,-,-,-,-,-,-,-,-
027327.jpg,0,0,0,0,0,0,0,0,0,9,0,1,9,0,9,-,-,-,-,-,-,-,-,-,-
027354.jpg,9,9,9,0,9,-,-,-,-,-,-,-,-,-,-,-,-,-,-,-,-,-,-,-,-
027388.jpg,0,9,0,0,9,0,0,1,0,9,0,0,0,0,9,0,9,0,0,9,-,-,-,-,-
027389.jpg,0,9,9,1,9,9,9,9,2,9,0,9,9,9,9,-,-,-,-,-,-,-,-,-,-
027397.jpg,0,0,0,0,0,0,0,0,1,9,0,9,0,0,0,-,-,-,-,-,-,-,-,-,-
027416.jpg,0,1,0,1,0,0,0,1,0,0,1,9,9,1,1,0,0,0,0,9,-,-,-,-,-
027421.jpg,0,9,9,9,0,0,9,9,9,9,-,-,-,-,-,-,-,-,-,-,-,-,-,-,-
027449.jpg,0,9,9,0,9,1,9,9,1,2,0,9,9,9,9,-,-,-,-,-,-,-,-,-,-
027490.jpg,0,9,9,0,9,0,9,9,0,9,-,-,-,-,-,-,-,-,-,-,-,-,-,-,-
027502.jpg,1,1,9,0,2,9,9,9,1,2,-,-,-,-,-,-,-,-,-,-,-,-,-,-,-
027505.jpg,0,0,0,0,0,0,0,0,0,0,0,0,0,0,0,0,0,0,0,0,-,-,-,-,-
027642.jpg,1,9,9,1,9,1,2,1,1,1,9,1,9,1,1,-,-,-,-,-,-,-,-,-,-
027692.jpg,0,9,9,2,9,1,1,2,1,9,0,1,1,1,1,0,9,9,2,9,-,-,-,-,-
027714.jpg,1,0,9,0,2,1,1,1,1,1,1,1,0,1,1,-,-,-,-,-,-,-,-,-,-
027717.jpg,2,9,9,1,1,-,-,-,-,-,-,-,-,-,-,-,-,-,-,-,-,-,-,-,-
027723.jpg,0,9,9,2,1,1,1,1,2,1,0,0,0,1,0,-,-,-,-,-,-,-,-,-,-
027768.jpg,1,2,1,1,2,0,9,9,1,9,-,-,-,-,-,-,-,-,-,-,-,-,-,-,-
027789.jpg,0,9,9,0,0,0,9,9,0,9,-,-,-,-,-,-,-,-,-,-,-,-,-,-,-
027840.jpg,0,9,0,1,9,-,-,-,-,-,-,-,-,-,-,-,-,-,-,-,-,-,-,-,-
027873.jpg,0,0,0,0,1,0,0,0,0,0,-,-,-,-,-,-,-,-,-,-,-,-,-,-,-
027916.jpg,2,1,2,2,1,2,2,1,1,2,1,1,0,1,2,-,-,-,-,-,-,-,-,-,-
027927.jpg,1,9,9,2,9,1,2,9,2,1,0,1,9,1,1,0,9,9,1,9,-,-,-,-,-
027960.jpg,9,9,9,0,9,-,-,-,-,-,-,-,-,-,-,-,-,-,-,-,-,-,-,-,-
027974.jpg,1,0,0,1,1,0,0,0,0,0,0,0,0,0,9,-,-,-,-,-,-,-,-,-,-
027983.jpg,0,9,0,0,1,0,0,0,0,1,-,-,-,-,-,-,-,-,-,-,-,-,-,-,-
028023.jpg,1,2,2,0,0,0,9,9,0,9,0,1,9,0,1,-,-,-,-,-,-,-,-,-,-
028050.jpg,0,0,0,0,9,0,9,9,0,0,0,9,9,0,9,-,-,-,-,-,-,-,-,-,-
028086.jpg,1,1,9,2,1,1,0,0,1,2,1,1,1,1,2,0,1,0,1,1,-,-,-,-,-
028107.jpg,1,0,0,1,1,9,1,9,1,9,-,-,-,-,-,-,-,-,-,-,-,-,-,-,-
028108.jpg,1,9,9,1,2,1,0,9,1,2,0,9,9,1,1,-,-,-,-,-,-,-,-,-,-
028119.jpg,0,9,9,0,9,-,-,-,-,-,-,-,-,-,-,-,-,-,-,-,-,-,-,-,-
028133.jpg,9,9,9,1,9,-,-,-,-,-,-,-,-,-,-,-,-,-,-,-,-,-,-,-,-
028146.jpg,0,9,9,1,1,-,-,-,-,-,-,-,-,-,-,-,-,-,-,-,-,-,-,-,-
028248.jpg,0,1,1,1,1,1,2,2,1,2,0,9,9,1,1,-,-,-,-,-,-,-,-,-,-
028255.jpg,0,0,0,0,0,0,9,9,0,0,-,-,-,-,-,-,-,-,-,-,-,-,-,-,-
028259.jpg,2,9,9,2,2,1,2,9,1,2,1,1,1,2,1,-,-,-,-,-,-,-,-,-,-
028409.jpg,0,9,9,0,1,-,-,-,-,-,-,-,-,-,-,-,-,-,-,-,-,-,-,-,-
028465.jpg,0,9,9,0,9,0,9,9,0,9,9,9,9,0,9,9,9,9,0,9,9,9,9,0,9
028469.jpg,1,0,0,0,0,0,0,0,0,0,-,-,-,-,-,-,-,-,-,-,-,-,-,-,-
028516.jpg,0,0,0,0,0,0,0,0,0,0,0,0,9,0,1,0,0,0,0,0,-,-,-,-,-
028560.jpg,0,0,1,0,0,0,0,9,0,9,-,-,-,-,-,-,-,-,-,-,-,-,-,-,-
